001a20d03a65227de0e9c8b686bf4727	0x63f	retByAdmin()	transfer(address,uint256)
0032e900586ce0f31d5fdf6ada3b77a6	0x348b	transfer(address,address,uint256)	transfer(address,uint256)
0036e1ddc5954cfa7b8c7d22919a1e4d	0x5a2	withdraw(address)	transfer(address,uint256)
004ba3bce642192af019c42b1d32592b	0x343f	transfer(address,address,uint256)	transfer(address,uint256)
00b702c04552090f19b623a89902e64d	0x425	withdrawTokens(address)	transfer(address,uint256)
00db9c425e2ad47045054d0a2568bc98	0x223b0x229	0xf909e567	transfer(address,uint256)
01233bae8c5e5f65e31ecb76835d6f37	0x599	0x2bb8ce9f	transfer(address,uint256)
0172fb465313704920c6935175af2deb	0x587	sweep(address)	transfer(address,uint256)
0205057a05ee853d2b2af6e669c6ed79	0x4bbd	withdrawToken(address)	transfer(address,uint256)
0491b70fcbd64aa0e7c6c6d89e031a81	0x9c3	withdrawToken(address)	transfer(address,uint256)
054d40f5781b87299256d9e6f96499b8	0x3b64	seize(address,uint256)	transfer(address,uint256)
05ecccbbec3a8ec3d9e6f05391b329a5	0xf09	releaseFunds()	transfer(address,uint256)
06167b0642dd74d9cdb7d71937d1b013	0x154b	withdrawERC20(address)	transfer(address,uint256)
06788ddd4620941ba000bec4608b407e	0xf5e	recoverERC20Tokens(address,address,uint256)	transfer(address,uint256)
06cc29761d8123cc8d99a020030ff595	0xc7a	drainToken(address)	transfer(address,uint256)
0716c5324fb55a68cb0800d17a5fdc61	0x13ab	transferAnyERC20Token(address,uint256)	transfer(address,uint256)
0719aed5497fb4e96d0df024bb33171a	0x72b	0xa5d754d1	transfer(address,uint256)
073dbe2f0a07971cc03e4100f86260a0	0x659	triggerIncentive(address,address,address)	transfer(address,uint256)
0780f56203d9f351e7e78c09a9d5978c	0xe02	0x8652fd4e	transfer(address,uint256)
07fb48c9e0a7db7cf14315150b5ef83a	0x98d	withdrawTokenBalance()	transfer(address,uint256)
08c2d58b9534fb2501976f11649062db	0x20e1	withdraw()	transfer(address,uint256)
08f4724a957c3d13fc8d5aea80b950b9	0x110c	recoverERC20(address,uint256)	transfer(address,uint256)
094710b01bb91f6fdd1cecc2af4ca7b8	0x1746	0x3abc1965	transfer(address,uint256)
0995cb8a29c3c6dbb67ffebe05bd6384	0x303	destroy()	transfer(address,uint256)
0a539141b6657324727578265375d3cf	0x9a7	0xda5562f1	transfer(address,uint256)
0a53cf37345095241f9ae3cc2a8c41cf	0x998	withdrawToken(address)	transfer(address,uint256)
0ab7d2bda3be3fdbd546c0529651f503	0x1c52	withdrawToken(address,uint256)	transfer(address,uint256)
0b55737e70e12bbfc6a197a3f22bea73	0x538	0x3d9ecedc	transfer(address,uint256)
0bed88dbf4336f7e91f2b351671f8dc4	0x3b64	seize(address,uint256)	transfer(address,uint256)
0c2bee2eb39f12b9d0f319cd8e63d1a7	0x206c0x121	0x6df586b2	transfer(address,uint256)
0cde6a745b9e4edad63c257f146a77ce	0x637	drainUSDT()	transfer(address,uint256)
0d4b05138c0b5a782a6774d6ab462d7d	0x14aa	transferAnyERC20Token(address,uint256)	transfer(address,uint256)
0d66bccd3f60aae530a26086bcf4d6a9	0xcd8	transferAnyERC20Token(address,uint256)	transfer(address,uint256)
0e12250f97099099afe42b047af61812	0x4c54	recoverTokens(address)	transfer(address,uint256)
0e1d95cde410d2434cfef2976f2148d6	0xd1f	uniswapV2Call(address,uint256,uint256,bytes)	transfer(address,uint256)
0f29b44a2e4baed58a1fe0a87014c1f8	0xbe7	withdrawERC20(address)	transfer(address,uint256)
0f2b2a5619e002c3f44294ee43819fd4	0xfa9	transferToken(uint256)	transfer(address,uint256)
0f5dc721648b083f3b5972b126277e6e	0x2835	withdrawOwnerCommissoinToken(address)	transfer(address,uint256)
0f78e7506c133e9fa721f24aa32a884c	0x239	0x362e496b	transfer(address,uint256)
100a6e0682355307a3828808995efbf3	0x136a	transferAnyERC20Token(address,uint256)	transfer(address,uint256)
103427533868272a30da7f49a220c930	0x109d	0x646acc7e	transfer(address,uint256)
10768aa505b3554f53b8d565bd17dda6	0x10c4	distribute()	transfer(address,uint256)
10b37b70c11eddefcc1b25380ce7248b	0x5ce	withdrawToken(address,address,uint256)	transfer(address,uint256)
1249f4cea904b7d98cd8bab971eb485f	0x174b	0xc129f9c5	transfer(address,uint256)
129796abf7d9afc355d825ad815aa253	0x193e	emergencyERC20Drain(address,uint256)	transfer(address,uint256)
12be2df51a49fa8d148f78afc4310342	0x6c20x238	0xc17b2851	transfer(address,uint256)
12e8dd0452ad13984c5f80552ad1c636	0xa94	transferAnyERC20Token(address,uint256)	transfer(address,uint256)
133c637b6759c6e49175126bd254d702	0x435	release(address)	transfer(address,uint256)
138c677d1c5df1a04e21e77085d37d04	0x1f5e0x121	0x6df586b2	transfer(address,uint256)
142cf4bf6f1f3c72137deeb383143bc1	0x2fc	0xe27bc280	transfer(address,uint256)
145732e147ac594d9a756d92dc8967ce	0x3c0	refund(uint256,address)	transfer(address,uint256)
15167b263c69c039c036f7d6919942a9	0xc7a	drainToken(address)	transfer(address,uint256)
152c873527a0d2e525f86158d4219789	0x5d7	claim(address,uint256,uint256,bytes)	transfer(address,uint256)
154ecb3fb94a30c291f3962cd47decbd	0x1e230x1d17	0xde93a787	transfer(address,uint256)
154f0bf2ed2793e1d997c74d4914e5ea	0x7cb	0x6967c4c	transfer(address,uint256)
1570d78c0b4a4c04a64cafb4ebd00668	0x1d49	0xcb2c7fec	transfer(address,uint256)
157f84d3215c91ee5982073e76c853ea	0x3af	withdrawPartial(address)	transfer(address,uint256)
15be706ffd4d110ea1cf3cd3f29e8689	0x9b9	getUnsoldTokens()	transfer(address,uint256)
15f1d25de801023c6d319f9fb53fa9e9	0x14e1	transferAnyERC20Token(address,uint256)	transfer(address,uint256)
15f3d156aa00a7e0bc69b594b4cd4d33	0x27e7	recoverTokens(address,address,uint256)	transfer(address,uint256)
1666aa1503b8e8214603a7be6bb85cdb	0x57d	unlockTeamTokens()	transfer(address,uint256)
16ab39957f5b438ad289ab6cdca5f683	0x238	0x362e496b	transfer(address,uint256)
16c97882af0950dec03e7bdeaea9f783	0x330f	0x418bc2c7	transfer(address,uint256)
172dc64cd87e601c7c4cc45bf0773482	0x31c	distribute(address[],uint256)	transfer(address,uint256)
1786e71e177706f17ccf28e5e54de6cf	0x3096	0x6326cbb4	transfer(address,uint256)
17b0aa3c5a4af527543099f0daf91fc6	0x1255	0xc129f9c5	transfer(address,uint256)
17e871f73b6a2b3e78df94da167835cd	0x431	0x340a095a	transfer(address,uint256)
17f2f4d248562f01e9000b299b8eafc7	0x1335	0x483ecb13	transfer(address,uint256)
17ff7ae0c50917028567821cdf443f31	0x4d40x1bc	0xc17b2851	transfer(address,uint256)
180e2da5243bfec6eaa222dbe5a8f0e5	0x21c0	seize(address,uint256)	transfer(address,uint256)
182584f4ca2d7f81e5194f9530da2ac3	0xb45	withdrawToken(address)	transfer(address,uint256)
18ee3d7276c7da32227fd7f683dc6cff	0xf970x18b	transfer(address,address,uint256)	transfer(address,uint256)
194843e3c8200f96fd30e77cc32ffba8	0x10a2	uniswapV2Call(address,uint256,uint256,bytes)	transfer(address,uint256)
1a2cd01e39f8e1d911f687ba2d8d6bd1	0xb10	recoverERC20Tokens(address,address,uint256)	transfer(address,uint256)
1a4851ac3fbbb25f423326ebdc9963b3	0xb7a	withdrawTokens()	transfer(address,uint256)
1a8cac9234f74908f336bd90c44b4a22	0x14aa	transferAnyERC20Token(address,uint256)	transfer(address,uint256)
1ab226bbd3cd66be2342cc2c870953e7	0x63f	retByAdmin()	transfer(address,uint256)
1acbd266046920b2e665441506b2c0c0	0xecd	0x8652fd4e	transfer(address,uint256)
1acf1886d053a88a759f72904a11ef9c	0xe3a	takeOut(address,uint256)	transfer(address,uint256)
1b180882c2f06a33e3c9305c517ee6b5	0x435	release(address)	transfer(address,uint256)
1b72b83dbff314274596f52b2b617b0d	0xeb7	withdraw(address,uint256)	transfer(address,uint256)
1b736e8aa1918be6b11c9a97c1b4be6d	0x57d	unlockTeamTokens()	transfer(address,uint256)
1bdde617a52e6beaf1e60f480f995f95	0xd5d	drain(address)	transfer(address,uint256)
1bf1dac20ef9e61231d9292b3e829235	0x8f1	recoverERC20Tokens(address,address,uint256)	transfer(address,uint256)
1cf32235efa52b935e143a58ac14ce40	0x25f9	0xc7d1ac38	transfer(address,uint256)
1d4d78a9b0b5dd8a497cd417b1d23ffa	0x8ed	recoverIcoTokens()	transfer(address,uint256)
1e0e202b00aec7a02f4daca4da14c6ba	0x3b64	seize(address,uint256)	transfer(address,uint256)
1e4cf307df4c88707facc733570aa185	0x14e1	transferAnyERC20Token(address,uint256)	transfer(address,uint256)
1e7de859e6bc4d0e7f0d124188ace438	0x28a6	preSeed()	transfer(address,uint256)
1e90b45be24765a48c1c976cda7aac98	0x14e1	transferAnyERC20Token(address,uint256)	transfer(address,uint256)
1eac95edae6f5b85c8fa12d3f18cc48c	0x11ad	0xa5c9d7c6	transfer(address,uint256)
1f206bebfd4d7b1e0583b7640b5ce16b	0x1ee0	loan(address,address,uint256)	transfer(address,uint256)
1f672e529e10363b14342ce2d5922953	0x40e	claim()	transfer(address,uint256)
1fa61ca249d3d20493d1d816c2585188	0x6ff	claim()	transfer(address,uint256)
209e363033487932ba983370727f7985	0xa5f	0x55f86501	transfer(address,uint256)
210160f5a4f5dab44c2d9ebcde7cc63c	0x34d2	recover(address,address,uint256)	transfer(address,uint256)
2158d0323e3988a69683b870eaea1f4a	0x1169	sweep(address)	transfer(address,uint256)
21bdc4170e0f5f271814c54a87c3f4a5	0x5ab	processMigration()	transfer(address,uint256)
22029eb06e159c6d204373971a1dfb0e	0x23bb	migrate(address)	transfer(address,uint256)
221c6699b8d2302723777962dda26c2f	0x1b5e	withdrawToken(address,uint256)	transfer(address,uint256)
221ce52650e4a19286683b0efa957975	0x13e2	transferAnyERC20(address,address,uint256)	transfer(address,uint256)
2259aa616d124636d020bf4990e23738	0x490	withdraw(address,uint256)	transfer(address,uint256)
2265fa5e1d971f1c88859b256b37a881	0x1891	0x4e8c85c0	transfer(address,uint256)
227600a755ae40595b4edd856500ff86	0x990	unlockERC20Tokens(address,uint256)	transfer(address,uint256)
22b312b999a5cdbd31ca5dbdd7395d73	0xd0b	transferToken(address,address,uint256)	transfer(address,uint256)
22fd2012fa03aa6d27aa69d044842f49	0x4a7	unlock(address,uint256)	transfer(address,uint256)
238ed4277a989af241affa1d0c4540aa	0x420	unlock(address,uint256)	transfer(address,uint256)
23d8830c2eec875c52889d8cce7707c1	0x4f82	recoverTokens(address)	transfer(address,uint256)
2427510fec64f0a1c7b088a52313b97c	0x57d	unlockTeamTokens()	transfer(address,uint256)
243b528d18a27b6bd6c4cb89f43f64ca	0xd0b	drainToken(address)	transfer(address,uint256)
2462d3b430de5c03a60f781666f7055f	0x1fb9	confirmWinnerChallenged(uint256,uint256,int256[])	transfer(address,uint256)
24b04eb749e1d824a138f6ed2e837835	0x12a6	withdraw(address,address)	transfer(address,uint256)
24ee1cd75983c2864ecefa38465ef811	0x1655	claimTokens(address)	transfer(address,uint256)
2530198d06de3f067e3eec9c40c64871	0xc7a	drainToken(address)	transfer(address,uint256)
258859e90afcb5070cfd2cb8e3a390e2	0xd6f	0x8652fd4e	transfer(address,uint256)
25cd2f3dcacf6f496a43ba1947473c13	0xb43	0x86210d13	transfer(address,uint256)
266b340be73e980c2982e767eaeb5812	0x57d	unlockTeamTokens()	transfer(address,uint256)
27169f6b9decff8e4335440fdba371c4	0x1b5e	withdrawToken(address,uint256)	transfer(address,uint256)
2723dcc266dd052fc4040928b893d019	0x5cd	transferToUserWithFee(address,uint256)	transfer(address,uint256)
27a78448b06895f1e806022e259f74dd	0x13da	transferAnyERC20Token(address,uint256)	transfer(address,uint256)
28059786a3cff5ddcff2c0b8c129f995	0x3c0	refund(uint256,address)	transfer(address,uint256)
28d7f01eeb6241ba00e1aa501e1dd5c6	0xb65	endSale()	transfer(address,uint256)
28e789c391cdaac150bfd8a5b0cda3df	0x9ca	getbackLeftFnx(address)	transfer(address,uint256)
28ede80f6e4374f7a7d1edd206c13c0d	0xaf9	transferAnyERC20Token(address,uint256)	transfer(address,uint256)
2900ca2fca33fde599e196b1af0c927e	0x14e1	transferAnyERC20Token(address,uint256)	transfer(address,uint256)
290b38c7d8dc1ffecc645a16c6381c45	0x43a	emergencyWithdrawalKAI(uint256)	transfer(address,uint256)
2948aec4485726658904a1e425eb937b	0x826	recoverTokens(address)	transfer(address,uint256)
29eed298eded997f46bbe091cb4ac319	0xb6c0x238	withdrawAllFeesByToken(address,address)	transfer(address,uint256)
2ae9a66d67d7dbe46faf9b2a7934147b	0x6ed	rescueToken(address)	transfer(address,uint256)
2bd4d4e66b26f99d4aeb490e29577b8b	0x5ec	transferERC20(address,uint256)	transfer(address,uint256)
2c9b67c6c0b0cf67dd6021db5b074ba1	0xfec	recoverERC20(address,uint256)	transfer(address,uint256)
2cf583d681357897a6958b9dcf2080b0	0x238	0x362e496b	transfer(address,uint256)
2d1b14e7c7b83c2c59fd9d33ecd59477	0xc7a	drainToken(address)	transfer(address,uint256)
2d422b12675f1d3bdc27002569aad3db	0x3ce	uniswapV2Call(address,uint256,uint256,bytes)	transfer(address,uint256)
2da597ffd82fe1706ccaaef01759fd38	0x3b64	seize(address,uint256)	transfer(address,uint256)
2e2f9a539bef0dadd63a0435afbd6f59	0x1315	_extractNXN(uint256,address)	transfer(address,uint256)
2e6d6eb36e3ac3f8425124b5a6deec14	0x8fa	getUnSoldTokens()	transfer(address,uint256)
2ea662431096742defdcacad3252d5cb	0xf5a	recoverERC20(address,address,uint256)	transfer(address,uint256)
2ee8cf34741f4d2e4ada6f94d642d492	0xf6c0xd62	0x42495937	transfer(address,uint256)
2f0a4cd2cc5ea4468cbb45787e5d6132	0x5d5	0xa19fb434	transfer(address,uint256)
2fe11b3291babb559616389bc34a3076	0x392	0x1af03203	transfer(address,uint256)
3024a99506f4c7c6a072dd36e4a68f16	0x1528	transferAsset(address,address,uint256)	transfer(address,uint256)
30d4aeb6c0ce85b4eb7a98fd0aa6f6b7	0x3d27	transferToken(address,address,uint256)	transfer(address,uint256)
30d823f9d142d3a300a157332730b471	0x9b9	getUnsoldTokens()	transfer(address,uint256)
30f148e9b065554ea3ffb546eaba55e7	0x5a6	doTransfer(address,uint256)	transfer(address,uint256)
315f3f4cf430634d6acc29edb8fb7397	0x1030	widthdrawToken(address)	transfer(address,uint256)
31f4207a77e46259b6f2a55ded50b5f6	0xb5c	notifyRewardAmount(uint256)	transfer(address,uint256)
32244f04dfc1004a6ce4d9f1caa152ce	0x7d7	transferRemainingToOwner()	transfer(address,uint256)
3246a9f6e9f78af722d3a33afdb2c99e	0x13b3	0x758ce70d	transfer(address,uint256)
3257abeed6f1e263088da4867a41b05b	0x2dd	die()	transfer(address,uint256)
327c189ff4ad8c313ead478a33d5b763	0xfb3	drainToken(address)	transfer(address,uint256)
32a11264f9ea111f22551280075eef63	0x24c	repay(address,uint256)	transfer(address,uint256)
334a6745eb0b3e7dff6bce64577354bd	0x19dd	recoverERC20(address,uint256)	transfer(address,uint256)
3355df044a6427ed7e4fc78610f0f6ce	0x188c	transferAnyERC20Token(address,uint256)	transfer(address,uint256)
33aec3ed0718408ccbc65f89dacdafdf	0xff3	endPresale()	transfer(address,uint256)
34317de1a18bede1cf1a2985e8acbacb	0x10b3	recoverERC20(address,uint256)	transfer(address,uint256)
343f1df42384793e3d824677e6cff445	0xba0	0x24531497	transfer(address,uint256)
360ccb184549463866c29aae22d20be2	0x63f	retByAdmin()	transfer(address,uint256)
36417d2392cb9ffe678e9c4607917fff	0x1306	withdraw(address,uint256)	transfer(address,uint256)
3670b3a19787b8427c2029b7101a43fa	0xabc	drainToken(address)	transfer(address,uint256)
36b82676904faca0a1b5387343e2a692	0x2001	claim()	transfer(address,uint256)
36e703743c266ba4a2681a6dae86387b	0x5d7	governanceRecoverUnsupported(address,uint256,address)	transfer(address,uint256)
371544445827bd9cc0aa27ec476c7baa	0x1c71	recoverERC20(address,uint256)	transfer(address,uint256)
375dc41f079e6511b2759995dbef4503	0x8e9	recoverERC20Tokens(address,address,uint256)	transfer(address,uint256)
37dcca16dc475b868ac4a957e5bff17d	0x61a0x2b1	0xc17b2851	transfer(address,uint256)
37f2234382f9f0f12425b64d8021a853	0xb45	withdrawToken(address)	transfer(address,uint256)
38db4c76d37fe1fd4ea4816830c15761	0x3b6	0x1908db86	transfer(address,uint256)
3905b4a43dcf4168f6db02089b9bd802	0x5ce	withdraw()	transfer(address,uint256)
39707a2ba985e9510ef8a02ab4b51344	0x57d	unlockTeamTokens()	transfer(address,uint256)
397a3a9290ab0da374301a6ba74106fa	0x969	withdrawToken(address,uint256)	transfer(address,uint256)
39a49fedd3e02e6976152ba8e83134bc	0x193a	emergencyERC20Drain(address,uint256)	transfer(address,uint256)
39b3be9b9d20581a31ec17df0d4b9101	0x1228	transferAnyERC20(address,address,uint256)	transfer(address,uint256)
39b57ee5ffa54b2e9bc79b7c8d5545b2	0xfc1	withdrawToken(address,uint256)	transfer(address,uint256)
39b975b06dcfd10c68b57e54c556f482	0x5dd	withdrawERC20(address)	transfer(address,uint256)
39c564f3c164b5ce07ccaa8497bfd7d9	0xeb7	withdraw(address,uint256)	transfer(address,uint256)
3a035a958331cad5aff74caba78c8b17	0xcbd	withdraw(address)	transfer(address,uint256)
3a8c7f44d735e736bc1da9d9517d4b9d	0x14aa	transferAnyERC20Token(address,uint256)	transfer(address,uint256)
3aac07fc473892a6773c920d6d0d0ddd	0x8d2	payWinner(string,address,uint256)	transfer(address,uint256)
3ac0ceab9a28f775e726e3a44f9de611	0x80a	withdrawToken(address,uint256)	transfer(address,uint256)
3adf233c1b091cf6cf6e1fdd917b3039	0x105a0x1ad	transfer(address,address,uint256)	transfer(address,uint256)
3b164efdc560dea98fb774f2b20ea83c	0x5eb0x742	0xb0ce4c8e	transfer(address,uint256)
3b5835270302d920a559361ffdf45825	0xbb9	withdrawTokens(address)	transfer(address,uint256)
3b707eba8a777598e55d46e2ca1e4cf4	0xaea	0xdecebbce	transfer(address,uint256)
3b7bbb5102c00e14d81be13d1ef94f99	0x9b9	getUnsoldTokens()	transfer(address,uint256)
3bbe8eb92f8939e54247a460c4e10ed2	0x8eb	drainToken(address)	transfer(address,uint256)
3bca835e8f4d7d31e04f46c836b652dc	0xd6e	governanceRecoverUnsupported(address,uint256,address)	transfer(address,uint256)
3c6358603f8fd84fbc1443e3f22c4e31	0x24c	0x362e496b	transfer(address,uint256)
3cb2714b956f25399a6143a4d2790325	0x142c	transferAnyERC20Token(address,uint256)	transfer(address,uint256)
3d01f7133ece1a25fa16fe4869c54f8c	0x3619	withdrawToken(address)	transfer(address,uint256)
3d451689513632e36db840759fb9a2e5	0x1538	0x4f3dab0e	transfer(address,uint256)
3d59c8455e1a890a201fbe0ca2af73c7	0x842	claimByAdmin(uint256,address,uint256)	transfer(address,uint256)
3e390784d0dd66ac2582c4b76e4783eb	0x863	rescueTokens(address,address,uint256)	transfer(address,uint256)
3e736a74d8bfa5bb10019d1a18fca58e	0x18470x1ba	withdrawTokens(address[])	transfer(address,uint256)
3e85854175ba726400667147c639cfed	0x57d	unlockTeamTokens()	transfer(address,uint256)
3ea45cea922790ff64435c9e6e962d32	0x182a	takeOut(address,uint256)	transfer(address,uint256)
3ec22babc9259216163f73a6e8456a31	0xf8d	claimToken(address,address,uint256)	transfer(address,uint256)
3f317e9709a82c383245efe28b51a1e6	0x550	transferERC20(address,address,uint256)	transfer(address,uint256)
3f668f8107b2729dd2c40826f3e80be6	0xcae	recoverERC20(address,address,uint256)	transfer(address,uint256)
40486d24be7b8b36639767c43f9670cc	0x12cd0x24f	transfer(address,address,uint256)	transfer(address,uint256)
40527334eb0ebbd9afd1ddd6173b17f9	0x36e9	withdraw(address)	transfer(address,uint256)
40960ead4bc1c952b74f5386e005557e	0x12cd0x24f	transfer(address,address,uint256)	transfer(address,uint256)
40a39ed745f493961bc086bacba6cbfa	0x1913	0xd3ef7740	transfer(address,uint256)
40ac7d89dbcff8356b5158e17c66c73f	0x63f0x18c	0xc17b2851	transfer(address,uint256)
411c39bc9983cedec44a358ef136aef3	0x110d	withdrawToken()	transfer(address,uint256)
415a9a16aa438d4629b16ee6f4e8bb87	0x597	fallback()	transfer(address,uint256)
41ec76ff856762bdd47bbc8cee3117fd	0x14e1	transferAnyERC20Token(address,uint256)	transfer(address,uint256)
41ef37c4691f2bf78489ab85400f26f7	0xb40	0x86210d13	transfer(address,uint256)
434e0f69130499ddb4431ebad9c5f917	0xf2a	0xeb7fdf61	transfer(address,uint256)
4379e0e831f2f1dcd077a88381f92c11	0x1901	withdraw(uint256)	transfer(address,uint256)
43a1f3fef0aec0c537cd5e04c4fced70	0xc6d	drainToken(address)	transfer(address,uint256)
440fe0752ac479b09e121ec068f612fc	0x2a2	withdrawLink()	transfer(address,uint256)
441e813f25bc4091a0c7e2d584bacd69	0x933	0x7ef2d83	transfer(address,uint256)
4464a4929c4d42a404877ab6d0d64e29	0x1746	0x3abc1965	transfer(address,uint256)
447046bb9a5ce655931aa7b887f7101b	0x3c7	0x1dfd011d	transfer(address,uint256)
4535fb9507e2b6c9851c891b046cad3d	0x43a	emergencyWithdrawalKAI(uint256)	transfer(address,uint256)
4557b77be7bf131919cfb5ed6a9051ce	0x1aac	transferAnyERC20Token(address,uint256)	transfer(address,uint256)
46200305bb835a4a0dfaf9524af99219	0xfe5	harvest()	transfer(address,uint256)
46350b47ac3edd2354cef518b1e911cf	0xfce	0x11691c1f	transfer(address,uint256)
464614d674dd331d213b5ad5a9519666	0xf5a	recoverERC20(address,address,uint256)	transfer(address,uint256)
4767c2eb95ac3f39012942ee032069b7	0x3066	adminEmergencyWithdrawTokens(address,uint256,address)	transfer(address,uint256)
476841c47fe91049b34753d3902d732d	0x112f	transferAnyERC20(address,address,uint256)	transfer(address,uint256)
47aef12c12902105f81b492cd54d626f	0x41fa	recoverTokens(address)	transfer(address,uint256)
4a350cbc39e301a4e47f2fe0300c376c	0xa18	0xc7e42b1b	transfer(address,uint256)
4b1f34e1be3376fec7fceedc2b887d0e	0x3b64	seize(address,uint256)	transfer(address,uint256)
4b828a57d0e4066c2d97912d5a4c5079	0x1064	getUnsoldTokens()	transfer(address,uint256)
4d551d68f8705cf1002c364ee78a39a5	0xe2e	0x54517053	transfer(address,uint256)
4d93f426a51763422f805bb080b384e5	0x13d4	transferAnyERC20Token(address,uint256)	transfer(address,uint256)
4db24049a87f68baa5da58d32251828f	0x14ae	withdrawToken(address)	transfer(address,uint256)
4dbec06f363448ca732b24cd588caa5b	0xc83	transferAnyERC20Tokens(address,address,uint256)	transfer(address,uint256)
4dc615f8d7eaa926a63f3372a0630fcf	0x86d	recoverToken(address,address)	transfer(address,uint256)
4dde63eccb4b5016fd5bcf3eddf0a5c5	0x169a	transferAnyERC20Token(address,uint256)	transfer(address,uint256)
4e31c177a4fd0292330e12219afc96f1	0x14e1	transferAnyERC20Token(address,uint256)	transfer(address,uint256)
4e412ae0cedb9c484ac7f9f9b3b60dbd	0xcc6	withdrawUSDT(uint256)	transfer(address,uint256)
4e5862a1f8a209b8b08344e0d66f1e1f	0xc6d	drainToken(address)	transfer(address,uint256)
4e7dba90566edacc7df52cc6aef9bdf7	0x141d	0x362e496b	transfer(address,uint256)
4e878d40561b424d562b2ff8a9fe2977	0xe8f	migration(address)	transfer(address,uint256)
502255f2f4533500eed3f8004f748c47	0x656	drainToken(address,uint256)	transfer(address,uint256)
50522d9d301d41b97b6f9ead700ac4ea	0xaf9	emergencyRecoveryIfLiquidityGenerationEventFails()	transfer(address,uint256)
50c0a9bbd2c4c9fed9d31b8f41a24a35	0xb2e	withdraw()	transfer(address,uint256)
50e01a84c5a0fc4f2aedc1faded49776	0x3f8d	migrate(address)	transfer(address,uint256)
50f96b82ebb3f6dadb4cfb8420f1e149	0x2167	burn(address,address,uint256,uint256)	transfer(address,uint256)
5121f0732851d6c3c512613b620c40e4	0xb5d	removeSwap(uint256)	transfer(address,uint256)
515f756a2528c485badcfee71d675d19	0x1ee0	loan(address,address,uint256)	transfer(address,uint256)
517a491efac5c7118dfea4ff0bc57c86	0x88d	withdrawToken(address,uint256)	transfer(address,uint256)
519b9feea77920793cbb9c2955f2d46c	0x2c7	0x4bad34ea	transfer(address,uint256)
527f5cbdb2fb5314c422a3acddac73f8	0x20f6	transferFund(address,uint256,address)	transfer(address,uint256)
533ce890f56bd23b96ace24397040e15	0x13b70x3c4	transfer(address,address,uint256)	transfer(address,uint256)
5347ab9ff9d28039772dbcf9f7a84438	0x9c4	withdrawToken(address)	transfer(address,uint256)
537773f1c53391cb151997af08b81c06	0x12d0	withdrawToken(address,uint256,address)	transfer(address,uint256)
53974617ea622fb268c85467a840b60a	0xa81	transferAnyERC20Tokens(address,address,uint256)	transfer(address,uint256)
541f1c68c79ca4e9189e5125f19c975a	0x1534	0x50133985	transfer(address,uint256)
54a3cda9474fc9a08a5f4aa0ed194f59	0x5cb	withdrawToken(address,address,uint256)	transfer(address,uint256)
54ca05e2827be63dfbf663906c26bb35	0x161b	withdrawERC20(address)	transfer(address,uint256)
5563edefafd940a273db01905a5e8f79	0xcd8	transferAnyERC20Token(address,uint256)	transfer(address,uint256)
55f75c2df37b97bad9fad6fbaac95bf6	0x40c5	migrate(address)	transfer(address,uint256)
5633beb354a1cc26d53c30391e5c707f	0x24280x229	0xf909e567	transfer(address,uint256)
5684d1857dbf5eaf6f25983caccadafe	0xc30	redeem(address,uint256)	transfer(address,uint256)
56a5bf5965b4e033239790e80e092bdf	0x2722	drainToken(address)	transfer(address,uint256)
570da1243a6a7b158d643d5a9fd868b2	0x587	sweep(address)	transfer(address,uint256)
57a3e9f4adc6546571ed9df3d6bef3cf	0x118e	uniswapV2Call(address,uint256,uint256,bytes)	transfer(address,uint256)
58053cf97edf18550f04e856751f01a8	0xef5	withdrawToken(address)	transfer(address,uint256)
582bf01a2f6dad3ccba1df08b3e44b38	0x10a6	recoverERC20(address,uint256)	transfer(address,uint256)
582c00356f6b61aa5d2d0b49fe7f81a8	0xc7a	drainToken(address)	transfer(address,uint256)
586995f4d415227fdb29858927180aa8	0x115d	releaseAllTokens()	transfer(address,uint256)
587592076a4da7c2e234d785c7323682	0x9e0	recoverERC20Tokens(address,address,uint256)	transfer(address,uint256)
58898ccc3888cf31d4a5d24e1a593f3c	0x360b	seize(address,uint256)	transfer(address,uint256)
59bc4006fdfb353eaa1bbf5972418000	0x979	transfer(address,address,uint256)	transfer(address,uint256)
59fa93bab5a924dc92b4ba61d4049b4c	0x29f	withdrawTokens(address,uint256)	transfer(address,uint256)
5a01db9e200ed4fb55ea06e5df7a4502	0x11ad	0xa5c9d7c6	transfer(address,uint256)
5a9fc885aaca355360e4d16672becfa9	0x1336	withdrawToken(address)	transfer(address,uint256)
5b359e7e1a547102afbe7a44781658b0	0x1b210x408	0xa95910f2	transfer(address,uint256)
5b60ead2bdb476c4c45a8970bf03b0d8	0x14aa	transferAnyERC20Token(address,uint256)	transfer(address,uint256)
5bfad35311f2b4cb2d8e8abcbc8ec9b1	0xc3a	0x54517053	transfer(address,uint256)
5c49788d6f244f724b1cfe87a9bd514e	0x13ab	transferAnyERC20Token(address,uint256)	transfer(address,uint256)
5c8d0be9dc11d8e74580e1bad323f8d7	0xcca0x2e0	0x5b066720	transfer(address,uint256)
5cd14ae2fa63d7e5b74eed450c8a04d4	0x13d0	0xc7e42b1b	transfer(address,uint256)
5d8fb2edb002b30f3e44a1d4df0a61b4	0x815	0x86210d13	transfer(address,uint256)
5d9467fe4acd6947a71ecc15483de92a	0x1007	getUnsoldTokens()	transfer(address,uint256)
5ee43a1b58da2a79473d4d1fe479c25e	0x153b	0xc129f9c5	transfer(address,uint256)
5f22d3948b53147070d7dc9a8aa486c0	0x36e	0xc99eae0	transfer(address,uint256)
5f590573a5d4a6fe1d4ac55a8a9abd15	0x1dd1	recover(address,address,uint256)	transfer(address,uint256)
5fa87dbc97f745d7f4b25df68fffc694	0x354	claimTAC()	transfer(address,uint256)
601e8da989461157d115e4a954c7cfa5	0x1544	claimTokens(address,uint256)	transfer(address,uint256)
604bd7101a31b0acc466309c586deff3	0x9b3	payment(address,uint256)	transfer(address,uint256)
612bbd1e23c053f558c90d3f5b4c380c	0x2001	claim()	transfer(address,uint256)
612cd1da00325a190f3407e06c89a8fe	0x14e1	transferAnyERC20Token(address,uint256)	transfer(address,uint256)
6140a9c88565738d4902ef328baed0d9	0x9a0	adminTransferSota(address,uint256)	transfer(address,uint256)
61c3ea64c2e585016bd79b8a24d4d05c	0x2842	0x7e8f39e9	transfer(address,uint256)
61cb781d0e8797f4e6ac95c83853cf31	0x12b30x1091	toGovernance(address,uint256)	transfer(address,uint256)
62032efbbd32b01c9ec19d54a8794612	0x193a	emergencyERC20Drain(address,uint256)	transfer(address,uint256)
625768416dc93fdeb2feb8136f36e36a	0xead	withdrawTokens(address,uint256)	transfer(address,uint256)
6257b135df6c88311217fd386ad3323b	0x118c	getReward()	transfer(address,uint256)
628a71955e3b89457b7c035979fedf35	0xf16	withdrawForeignTokens(address)	transfer(address,uint256)
62b39498d5c6e2dfa3a4677f8108e88d	0x6b1	withdrawLink()	transfer(address,uint256)
62c7f7601a0f22a339f331d763ae0005	0x306a	0x55475768	transfer(address,uint256)
63467d35ca158a5f141826acafade294	0x7f0	releaseTokensForBurn()	transfer(address,uint256)
63f4a64fa692d4142bc1af54bc5e644e	0x834	getTokensBack()	transfer(address,uint256)
648f0cfd9b4eab53d95b74c3b4d3c415	0xfcc	claimToken(address,address,uint256)	transfer(address,uint256)
64dd41bdf1d7bc9d2dea22b5455bbb50	0x427	withdrawTokens(address,address,uint256)	transfer(address,uint256)
65d7ac246d793cb1367acd7eea3d5866	0xa12	widthdrawToken(address)	transfer(address,uint256)
67ab7bac30552260d8c676036c5640cf	0x1381	recoverERC20(address,uint256)	transfer(address,uint256)
67dc9982dd0ce4c0c47a68848c9551f6	0x159e	transferAnyERC20Token(address,uint256)	transfer(address,uint256)
68258cf8a1a9b8e7f5061bb445d263b2	0x333	withdrawToken(address)	transfer(address,uint256)
6863d5c0836662001180801684297dd9	0x13a	0x366d2d2c	transfer(address,uint256)
6894da01740780e17e7707fdc4ee781a	0x1c38	withdrawToken(address,uint256)	transfer(address,uint256)
689f83a7635ead6b448b454d4d509556	0xe29	drainUnsoldTokens()	transfer(address,uint256)
68c4a46c4c5336d4e632ac4b358de9a1	0x998	withdrawToken(address)	transfer(address,uint256)
6926075f0548914b497a418c2b8cec30	0x21c0	seize(address,uint256)	transfer(address,uint256)
69c6b1124d085b83cabaae87cd16578e	0x15a1	withdrawToken(address,uint256)	transfer(address,uint256)
69d76ae255e83064cee77395bf88c845	0x3b64	seize(address,uint256)	transfer(address,uint256)
6a2cbd1d4ce3f16b5ada8508659e9c6e	0x436	withdraw(address)	transfer(address,uint256)
6a35aaaa21f89257d4e25a07d521b76c	0x3066	adminEmergencyWithdrawTokens(address,uint256,address)	transfer(address,uint256)
6a60b1041fc49e1890225404bd5ba790	0x1ee0	loan(address,address,uint256)	transfer(address,uint256)
6a625a3815b783c728367473e2e11bf7	0x5d0	withdrawToken(address,uint256)	transfer(address,uint256)
6aabca098007a50a86e544fba8ac0e6d	0x9b0	transfer(address,address,uint256)	transfer(address,uint256)
6ab00bad56d3045c8beae604f8171026	0xcae	recoverERC20(address,address,uint256)	transfer(address,uint256)
6ab238a5181fb7db8c48088741284b2e	0xbe6	reward(address,uint256)	transfer(address,uint256)
6ad6bc776ff2b7b1fd0517496a548b84	0x790	claim()	transfer(address,uint256)
6b0f2267502ba833b1999e0c58911fa2	0x1b0e	withdrawToken(address,uint256)	transfer(address,uint256)
6b21398b84d0857fd5bee17fbd1006e3	0x57d	unlockTeamTokens()	transfer(address,uint256)
6b366b4ca9b3bf99fd4d103d0bae4292	0xb3f	0x2b7bd4d1	transfer(address,uint256)
6c57bbed4bef98047cbf66ccc9c72b12	0x13ab	transferAnyERC20Token(address,uint256)	transfer(address,uint256)
6c5ec282373bb7912b0cfc3bd80be211	0xa26	withdrawTokens(address)	transfer(address,uint256)
6d313fc72630e12df42bd1f6b7e623b1	0xcc8	withdrawPrize(address)	transfer(address,uint256)
6da1a4623d85e2e7485e95ad08d02a8f	0x2229	migrate(address)	transfer(address,uint256)
6e0fa3dbfefa43e274f02f62bfc6a2b1	0x227c0x4df	0xa95910f2	transfer(address,uint256)
6e64e84b3797ff92719b3183fb4d317e	0x3b0	0xf163068	transfer(address,uint256)
6e9ad38ac1ab2dc07a15070a0058d98f	0x20c4	recoverERC20(address,uint256)	transfer(address,uint256)
6eb93d09fa617dc0a9b996a5761f13b5	0xa4e	sendERC20(address,address,uint256)	transfer(address,uint256)
6ecd16547992e5635d1495a046a7e3c8	0xad8	transferAnyERC20Tokens(address,address,uint256)	transfer(address,uint256)
6f1cd3e6c1bd49847fa9f0d05f90c959	0x11a4	0x751dbcd3	transfer(address,uint256)
6f85bfb0ad28e8df8f0d1185af84ee04	0x1207	transfer(address,address,uint256)	transfer(address,uint256)
6fbac7d840275dc1a2175cf78079b769	0x167e	recycleETF(address,uint256)	transfer(address,uint256)
6fce8da163db373593cf9ba4551e27c1	0x1109	recoverERC20(address,uint256)	transfer(address,uint256)
6fd408560e999135499c8869092e08d2	0x24d9	migrate(address)	transfer(address,uint256)
6fdcd91f5c0e24e090fd0c847501d630	0x1fd6	transferAnyERC20Token(address,uint256)	transfer(address,uint256)
701d59bf575331fb5f80667c73b32673	0x26b	0xa37c5f96	transfer(address,uint256)
7033fd64e4133e5b2b61202dbb4ecc39	0x998	withdrawToken(address)	transfer(address,uint256)
7061bc6e98408a7721cf84dd930e72fd	0x69b	drainToken(address,uint256)	transfer(address,uint256)
708041e61175dd430b916122d8386567	0x5fc	transferERC20(address,uint256)	transfer(address,uint256)
70aeafc9e3fc199d001768bd3baa0e8e	0x63f	retByAdmin()	transfer(address,uint256)
710b3a3ba59cbd080910ed24cd52989b	0x45fb	transferAnyERC20Token(address,address,uint256)	transfer(address,uint256)
712d650736c471fe5ff53f761329aae7	0x161d	transferAnyERC20Token(address,uint256)	transfer(address,uint256)
717965d192b7a4f01f2fdebf0667215f	0x5b7	endSale()	transfer(address,uint256)
71d14a8a178ccebd7e41012b9851bf76	0xe2c	0xa7d449d2	transfer(address,uint256)
71ee1c1d11a3eb9ca9c72e1528fcc5d5	0xa06	rescueToken(address,uint256)	transfer(address,uint256)
72a09981eeeb712382e38753c0c3cae7	0xaa9	transferAnyERC20Token(address,uint256)	transfer(address,uint256)
732ab2686af16a58c2b871b79eda8ab8	0xb0b	drainToken(address)	transfer(address,uint256)
7355e7328612447ce59a2313aa73256d	0x1787	withdrawToken(address,uint256)	transfer(address,uint256)
735bd2cdd62fc89c2a3b71b1a26a0723	0x238	0x362e496b	transfer(address,uint256)
73d84d79f2513b62cc202c6897d9b720	0x4fd	withdraw()	transfer(address,uint256)
7407a710fcfa80e04b56eb1799c2772e	0x493	withdrawUnsupportedToken(address)	transfer(address,uint256)
7446a802643d3fce314fc9e66ee98965	0x14e1	transferAnyERC20Token(address,uint256)	transfer(address,uint256)
7477866cd6642784ea856982c2b67663	0xc81	transferAnyERC20Tokens(address,address,uint256)	transfer(address,uint256)
7494cdacbdb9c526d89147d02e51dc1a	0x85c	triggerBonus(address)	transfer(address,uint256)
749e5d470ebdf21427ea9dbb817fd380	0x57f	withdrawToken(address,address,uint256)	transfer(address,uint256)
74e0002bd1dc5e2d177618161a6da0be	0xc7a	drainToken(address)	transfer(address,uint256)
7519af88efef0c5d0bc63b4d6b94d5ee	0x328c	migrate(address)	transfer(address,uint256)
7579cc383227c33beda4b29507e317d4	0x4960x11b	recoverERC20(address,address,uint256)	transfer(address,uint256)
75859227372517c7441275da8d5ac624	0x37d5	migrate(address)	transfer(address,uint256)
75c87f71be9a9f48c9b0aaaef0434d1e	0x3b64	seize(address,uint256)	transfer(address,uint256)
7601fe4e615907eb8b036e98414caf0f	0xa87	0xda5562f1	transfer(address,uint256)
760acb984fd0cbdaaa04d1092004bd3e	0xa9c	transferAnyERC20Token(address,uint256)	transfer(address,uint256)
772c58480e41e72c2989600f2ebbf1b4	0x24c	0x362e496b	transfer(address,uint256)
77850b784a5d9e3651ab3868d6e68c71	0x22d90x372	transfer(address,address,uint256)	transfer(address,uint256)
7787d1091c3de71eb04cb88a58e453bf	0xc9d	withdrawToken(address,uint256)	transfer(address,uint256)
77c1c2a36db83c719b951cc84795a0f0	0x3b64	seize(address,uint256)	transfer(address,uint256)
7810b49029752378383bcdc7a00b5ae8	0x363a	0x7b0b4266	transfer(address,uint256)
786a9a094ee408e9fcba7cd62bcb9394	0x5d7	sendTokens(address,address,uint256)	transfer(address,uint256)
787b1af502bf05b127a6dbda811c90b5	0x12d2	claim()	transfer(address,uint256)
78f0905f23c120711f352ec69c8cb7fd	0x1141	withdraw(address,address,uint256)	transfer(address,uint256)
790ff5a104ac5cb864973dd02b51c3ef	0x83c	adminwithdrawal(address,uint256)	transfer(address,uint256)
791d00d4e491fb19d04619e1ffd8d7be	0x2001	claim()	transfer(address,uint256)
793fa3a1a377a48b513c4e63341ce3d8	0x2101	drainToken(address)	transfer(address,uint256)
796bae99128ee2badd9225480a9b0632	0x3b64	seize(address,uint256)	transfer(address,uint256)
7974ff97388df5cf61ab54a74b17e75c	0xa9e0x85d	escapeHatch(address,address)	transfer(address,uint256)
79c74983ecff548e00a293bab67eafff	0xc0b0x222	0xa95910f2	transfer(address,uint256)
7aea0f005d486ad6905b30131854540d	0x24c	repay(address,uint256)	transfer(address,uint256)
7aea9304047e3b53c763f8a28174ea5b	0x1e0b	claimTokens(address)	transfer(address,uint256)
7b1763c436dd31cc08a0fc2a11ef2639	0x437	flushTokens(address)	transfer(address,uint256)
7b33c6d19e68426f584ab33a93c9581b	0x11bb	0x7a950f99	transfer(address,uint256)
7b5a0cc79b718fd80cd489faee8710c1	0x1db0	claimRewardsOnlyAndWithDraw(address)	transfer(address,uint256)
7b910b4787d6d77c8c3af9c3774c4724	0x3219	_withdrawFees(uint8)	transfer(address,uint256)
7c0c34cdb7a976c6c5a280d86a775dc7	0x5c5	withdraw(address)	transfer(address,uint256)
7c0c5beaf8eff44d0148e261580fbbeb	0x581	0x2bb8ce9f	transfer(address,uint256)
7c2d0568b45163d617f200ae38f6d710	0x72b	0xa5d754d1	transfer(address,uint256)
7c3705a219c59ad5357fd99109f701c3	0x40d	distribute(address[],uint256[])	transfer(address,uint256)
7c3800cd5147e1b905f4ab30badf6621	0x57d	unlockTeamTokens()	transfer(address,uint256)
7c4d2534bbc4c492b30628471f6d1d1f	0x368f	withdrawToken(address)	transfer(address,uint256)
7d03e8d43fcc986792c7155b7276acc0	0x761	unlock(address,uint256)	transfer(address,uint256)
7d39792b34909b5d565695daaba34a41	0x9e4	withdrawTokens(address,uint256)	transfer(address,uint256)
7dc8daabcd3c89b59129ebb92c91fae9	0xe3e0x216	transfer(address,address,uint256)	transfer(address,uint256)
7ded370c2246002a0d2f1313bf461756	0x49f	withdraw(address)	transfer(address,uint256)
7e407d3f8997e3379017da1e15490957	0x14e1	transferAnyERC20Token(address,uint256)	transfer(address,uint256)
7e6da3fcc3c98ae128287af4c624747b	0x13da	transferAnyERC20Token(address,uint256)	transfer(address,uint256)
7e9834aaff3a0d521c175adcac85b735	0x14aa	transferAnyERC20Token(address,uint256)	transfer(address,uint256)
7ef1ff87c087181586b0d0dfa9e22c21	0x3f88	migrate(address)	transfer(address,uint256)
7f4ad34a490f5b26b2cee46dc732f8e1	0xe45	0x758ce70d	transfer(address,uint256)
7f64407fc248107bda1c97ae1aad4c41	0x9d7	getUnsoldTokens()	transfer(address,uint256)
7f9f3db05c90bfef1bc16205921c15cb	0x2697	transferAnyERC20Token(address,uint256)	transfer(address,uint256)
7fae59c21cd969c7fbfa79cfcecfab16	0x152d	reclaimFunds(uint256,bool)	transfer(address,uint256)
7fc7fb9700c3a902463ee0790feab78d	0x10ea	seize(address,uint256)	transfer(address,uint256)
808e521cfed7053a0139e0d8318f07ad	0x238	0x362e496b	transfer(address,uint256)
809284a654c395e489ee2a5fe762bfb9	0xc68	recoverTokens(address)	transfer(address,uint256)
809be3c1b9c1e9282d14ff5484fde10c	0xa9c	transferAnyERC20Token(address,uint256)	transfer(address,uint256)
819156a03b1265a561410859de19239c	0x5dd	withdrawERC20(address)	transfer(address,uint256)
81ac911bcaf7a4e18ec4252dd78531e0	0x431	0x340a095a	transfer(address,uint256)
8209b89121364e2c0ae8db5900f53c84	0xa94	transferAnyERC20Token(address,uint256)	transfer(address,uint256)
823df3087f3fb687f8d7173e9620eb6a	0xa07	returnUnsold()	transfer(address,uint256)
8271db16d3fdc4a06498b700980f698d	0x368	getUnSoldTokens()	transfer(address,uint256)
8288af516675ec804d3e82fccb00862a	0x669	rescueToken(address)	transfer(address,uint256)
828cd36ad1099f4135e5b02c456603c2	0x1063	withdraw(uint256)	transfer(address,uint256)
82f0663d6b7afae4d553983a0e46bea4	0x2496	emergencyTransfer(address,address,uint256)	transfer(address,uint256)
831fd086466c3234cee92f2b560c53e1	0x21c9	migrate(address)	transfer(address,uint256)
8374422a24c895ca835a99dafb0f54a2	0x1808	0x362e496b	transfer(address,uint256)
83b4c46987180f3a2e3dbbfbecb234d1	0xba4	withdrawToken(address)	transfer(address,uint256)
8432585ea7eeba259917910af008297a	0x431	0x340a095a	transfer(address,uint256)
84cbc680e4bdd7a74bab5abb21854999	0x71d	endSale()	transfer(address,uint256)
85a4cc25e7723024639e0f0e47f38238	0x7110x244	recoverERC20(address,address,uint256)	transfer(address,uint256)
862c9ce193b63ca3d4debb5b75dd2bdb	0x14e1	transferAnyERC20Token(address,uint256)	transfer(address,uint256)
8630b62169e58dc993098ed2de17a73b	0x12cc	0xcbbe96b7	transfer(address,uint256)
865868be12869de35f0ea094fd1987ff	0x1698	reclaimFunds(uint256,bool)	transfer(address,uint256)
86b12444c7fe9a62777be82e5120f425	0x13d4	transferAnyERC20Token(address,uint256)	transfer(address,uint256)
8743700e50574331b4c5540bd0b810b1	0x30f0	adminEmergencyWithdrawTokens(address,uint256,address)	transfer(address,uint256)
877a2f057d2f3d96df59838d0001b8f9	0x587	sweep(address)	transfer(address,uint256)
87aa4e0cb353528ff305c61ddfd974cf	0x986	drainToken(address)	transfer(address,uint256)
87b11cd867a6bcda366b1448721024e7	0x227a	claimDivs()	transfer(address,uint256)
87bc76441695ffc793428132345c9966	0x360b	seize(address,uint256)	transfer(address,uint256)
880acd6ab7b815c2893b784f32e34a61	0x431	0x340a095a	transfer(address,uint256)
882effd27039507b4f720b9803538e59	0x169a	transferAnyERC20Token(address,uint256)	transfer(address,uint256)
8837683de583d3aebdfdccbb20db636e	0x25b6	withdraw(uint256,uint256,uint256,bytes32,bytes32,bytes32,uint256,bytes)	transfer(address,uint256)
886836c440ff3bff1350714512f198c8	0x4a23	recoverTokens(address)	transfer(address,uint256)
886f3340192dfe428af1b162849a09c0	0xb570x980	0x6ebc51e1	transfer(address,uint256)
889b1a0e4ddfb63ad73e95becab3499c	0xbcf	wt()	transfer(address,uint256)
88e2267644c6b61d88ae688d5dfc16b1	0x6770x22d	0xc17b2851	transfer(address,uint256)
89133374b40fe50c199c6e4d66c5e936	0xd24	withdrawERC20(address,address,uint256)	transfer(address,uint256)
89190a04858bfcbd4080496cf569314a	0x16a7	withdrawToken(address,uint256)	transfer(address,uint256)
8925964d7234116539391c3b07af08fd	0x818	parkFunds(uint256,address)	transfer(address,uint256)
895149b428474ec7c421e72fce8dec0f	0x6ff	claim()	transfer(address,uint256)
898c04b8f7ce15bdcf02fd175b0c274e	0xa75	0x758ce70d	transfer(address,uint256)
89f331dd2879d630244f96930d70d479	0x1683	transferAnyERC20Token(address,uint256)	transfer(address,uint256)
8a430fd52b5f3892fc49d963b5b9f034	0x3d00x51	0x21e19e6f	transfer(address,uint256)
8a6a908962a32c4a3d9596d9e7fc74c9	0x93b	drainToken(address)	transfer(address,uint256)
8a750734821313e23e5ad36a2904fb3e	0x926	withdrawn(address)	transfer(address,uint256)
8b005857893bb542258f54f52480afdb	0xfc5	drainToken(address)	transfer(address,uint256)
8b297c3d7b69a3483c35e4a3a2b86356	0xb42	0xa0a7443	transfer(address,uint256)
8b69b0342819856b3f53dbb586a7cf6a	0x55c0x1bc	0xc17b2851	transfer(address,uint256)
8b853d12e214cda44708ae835dd7d6d9	0xfcc	claimToken(address,address,uint256)	transfer(address,uint256)
8bce1d6e0d70e77d53fd94552f418842	0x743	sweep(address)	transfer(address,uint256)
8bd8b47e8a90a015f0b17abc7467bb8e	0x287a	adminEmergencyWithdrawTokens(address,uint256,address)	transfer(address,uint256)
8ce978ba8409b6d25fded473305b4e93	0xbb9	withdrawTokens(address)	transfer(address,uint256)
8db218171c57ac2e5bdec50396f08a64	0xbaf	withdrawTokens(uint256)	transfer(address,uint256)
8de83fa3b7d2f72684afcc73f726f6d8	0xc9b	0x4b9bd1e1	transfer(address,uint256)
8e1c8827bf93764923ca57c9b8c71a74	0x800	0x1d1c1d	transfer(address,uint256)
8e76db157cdd27ade9db858fd2f1aab8	0x14aa	transferAnyERC20Token(address,uint256)	transfer(address,uint256)
8f363eb4169f766b5416fff65117a620	0xa06	rescueToken(address,uint256)	transfer(address,uint256)
8f466891dfce865a37284d2163f9eddd	0x13d4	transferAnyERC20Token(address,uint256)	transfer(address,uint256)
8fa87162c4daf17cb5482ff7f29b8ce1	0x46f	sweep(address)	transfer(address,uint256)
8fe2a919b9983198ce3482c713d5c9a6	0xdf5	0x85827ff6	transfer(address,uint256)
8ff59f41bef3b86f6e36b0c6ad127ac8	0x800	0x1d1c1d	transfer(address,uint256)
90b4226fea44332f6aef658655ae6a37	0x12ad	withdrawERC20(address)	transfer(address,uint256)
90e076d957c9057663801fd9c7878d83	0xdc9	claim(address,uint256)	transfer(address,uint256)
915d6716f059f01f51ad82e5915b755d	0xb4e	transfer(address,address,uint256)	transfer(address,uint256)
919e192915dc21725ed193712f6b7369	0x46b	withdraw(address,address,uint256)	transfer(address,uint256)
91e847e89c13f13e5302329d6470f91e	0x208a	transferAnyERC20Token(address,uint256)	transfer(address,uint256)
929a42ff3ee716361cb7c3b625939fab	0x368	getUnSoldTokens()	transfer(address,uint256)
930be7ac6e782cf07c126050a40623df	0x43a	withdrawToken(address,uint256)	transfer(address,uint256)
93c824133832c4e252739d47f1c5c94c	0x63f	retByAdmin()	transfer(address,uint256)
93f174197b2ee03de391bd12c3b7d7e8	0xa62	recoverERC20(address,address,uint256)	transfer(address,uint256)
9413436f9037fca65ff3dba00784f968	0x57d	unlockTeamTokens()	transfer(address,uint256)
94a04ac1216c35e9bdd39298eb6eaa41	0x12e5	claim()	transfer(address,uint256)
94c5b5f4e83d1a85c3af7f0d2c941fe2	0x63f	retByAdmin()	transfer(address,uint256)
9506cfd88c025d1a8c3b09f177496e4c	0xc9b	0x4b9bd1e1	transfer(address,uint256)
951833b77adbd19e25df2f6fcccb9f42	0x1b3	mint(address,address,uint256)	transfer(address,uint256)
954357ad6ec727f7c712e837b4bba3b7	0x3a6	0xb0ce4c8e	transfer(address,uint256)
95987dd46893ff85f64488a94b286f1c	0x421	withdraw(uint256)	transfer(address,uint256)
9636b227705d026e7c0946ddc7d0ad3f	0x1087	recoverERC20(address,uint256)	transfer(address,uint256)
96408ada30f64d61ae3ebe449028bbcb	0x435	release(address)	transfer(address,uint256)
96b161adbe92a8341167f75f52f3dc3c	0xb9b0x1f1	0x4e08b23f	transfer(address,uint256)
96d81d611e8155b05b554a7597575f0e	0x899	drainToken(address)	transfer(address,uint256)
984fc84d5c1739ce0b34ccda1fcbf735	0x6af	0x2b6995dc	transfer(address,uint256)
9888a6d8daa0431ad767d508d2c79d98	0x58f	sweep(address)	transfer(address,uint256)
990a6031186336ce0fac69453a82a719	0x14e1	transferAnyERC20Token(address,uint256)	transfer(address,uint256)
99fe5b2004b7b36d51201f5bbfbd2dba	0x1544	claimTokens(address,uint256)	transfer(address,uint256)
9a7877dad4258982c1b14612c203a6bf	0x1a31	0xc129f9c5	transfer(address,uint256)
9abe49c0295d8b0bbf6cdf96ad874e10	0x2b9	withdraw(uint256)	transfer(address,uint256)
9b252b459d312cd8d98587d52c859deb	0xa26	withdrawTokens(address)	transfer(address,uint256)
9b567840a48ab8366f2f8bb15e21b626	0x3b2	doTransfer(address,uint256)	transfer(address,uint256)
9b57ddb2b89b8268a04b818ee9ca9de9	0x14aa	transferAnyERC20Token(address,uint256)	transfer(address,uint256)
9bbeace202ad416b0df555d0387561fd	0x5d7	claim(address,uint256,uint256,bytes)	transfer(address,uint256)
9c08f33454142e03580189f7b0ce368b	0x12c60xd3	withdrawTokens(address[])	transfer(address,uint256)
9c5c6f3edfc320bceda417abf64b9fa9	0x2f67	recoverTokens(address)	transfer(address,uint256)
9d9af46da2df25a00ea61832a1005cc5	0x2b9	withdraw(uint256)	transfer(address,uint256)
9daf2e433d17a6d0faefc8b7e0823489	0xe21	0xc129f9c5	transfer(address,uint256)
9ef773e5496cc4a2496f254077106edb	0x6a9	claim_rest_of_tokens_and_selfdestruct()	transfer(address,uint256)
9fa63df591bbd49fcc91d25e362676c5	0xb7b	rescueToken(address,uint256)	transfer(address,uint256)
9ff4500c1e78b684ead22fc9446d467e	0x168d	transferAnyERC20Token(address,uint256)	transfer(address,uint256)
a13191b93e3f71e9a367f3561a6d8019	0x3af	transferERC20(address,address,uint256)	transfer(address,uint256)
a171d29514deacc3abb84a019e536766	0x143d	salvage(address)	transfer(address,uint256)
a1dc87024a134cbd1472e00344c1f0c4	0xc2e0x25d	transfer(address,address,uint256)	transfer(address,uint256)
a2031bbd6144a108ccf6243188975fb9	0xc1d	governanceRecoverUnsupported(address,uint256,address)	transfer(address,uint256)
a2722cf065fdba6c1676ca34a97da436	0xca20x30b	0x4e08b23f	transfer(address,uint256)
a336cb8c3dd4900bdc6f8c73d58d1155	0x15da	transferAnyERC20Token(address,uint256)	transfer(address,uint256)
a4099c4fb5c1e695c69cda6ef13b22a6	0xe50	0xc23e1a21	transfer(address,uint256)
a44ab83d1edd6a3667269cac5a1cc5ee	0xb14	removeSwap(uint256)	transfer(address,uint256)
a4c7e42a32a591274b9b162d9857e4d1	0x3b64	seize(address,uint256)	transfer(address,uint256)
a4e2a05994ea4d80a32c4025fe9421a4	0x5a57	recoverTokens(address)	transfer(address,uint256)
a4f1ebe04e7e14ceca0cfe46353daed5	0x239	0x362e496b	transfer(address,uint256)
a575f96c5a260aba332631701b7f5dcf	0x571d	recoverTokens(address)	transfer(address,uint256)
a5c839b55172f7469292f653b4a0e9b3	0xb17	0x1bff1fcf	transfer(address,uint256)
a5d4a8557c92ffc2f07fd35b27415d68	0x2ae	withdraw(address)	transfer(address,uint256)
a7114f05ffc771af2d565f97c72b199c	0x9b9	getUnsoldTokens()	transfer(address,uint256)
a7cfa52f87b6eb0c3f91e6037e861da1	0x14e1	transferAnyERC20Token(address,uint256)	transfer(address,uint256)
a7e43c35e1dbc3fd507a1908e7a0fb4d	0x9c5	gulp(address)	transfer(address,uint256)
a7f48989c2cc84f6ab460f2aa33da494	0xd3e	withdrawTokens(address)	transfer(address,uint256)
a804110ac916bf4563369e236f5b3956	0x2001	claim()	transfer(address,uint256)
a8541d35b670417305600c6ba0e56695	0x136e	withdrawToken(address,uint256)	transfer(address,uint256)
a85b46bcc7f9a742f33bc0123ae22b34	0xfde	transferToken(address,address,uint256)	transfer(address,uint256)
a8880069fff93488016f32df8e05b927	0x7a4	0xb1ce4922	transfer(address,uint256)
a8af3caf0d324e38621559a568769d9a	0xd0f0x1c6	transfer(address,address,uint256)	transfer(address,uint256)
a8cb1f934c90a9b2fa29d0a44f32a3ef	0x7f6	0x1d1c1d	transfer(address,uint256)
a954df68ec4aee7634e026d8f0ff5911	0x3db0	recoverTokens(address)	transfer(address,uint256)
a955513e102444125218781021cfdbb4	0x163a	drain(address)	transfer(address,uint256)
a992a0925d4f5bbb7dfc30d892818fba	0x25b6	withdraw(uint256,uint256,uint256,bytes32,bytes32,bytes32,uint256,bytes)	transfer(address,uint256)
a9a4414ba2727d2b8a5f374c1e5fcc71	0xcb3	drainToken(address)	transfer(address,uint256)
aa29a700eeb4dcf6f3c74500a41a2046	0xa41	withdrawTokens(uint256)	transfer(address,uint256)
aa323ebfbe3063ff6b56cfdb70bd4047	0x587	sweep(address)	transfer(address,uint256)
aa774fe76811806bfd3e43d75879ea48	0x1e7	salvage(address,address,uint256)	transfer(address,uint256)
aa84cb42ec4e2275ad69c8ac07d47ffc	0xa9e0x85d	escapeHatch(address,address)	transfer(address,uint256)
aa909c8a76f74994c11e84d5a3ea45aa	0x1981	removeStakedTokenReward(uint256)	transfer(address,uint256)
ab1048a6ca31321d0d6d4730e1fe7b89	0x1201	transferToken(address,address,uint256)	transfer(address,uint256)
ab5caa11522ca0af1811062faccf3a4b	0x1364	0xc23e1a21	transfer(address,uint256)
abd28fd59fa46d149552dd1553f4be88	0x216f	0xf0b09711	transfer(address,uint256)
ac0825ea13f5a7a9138b97e65957121e	0xa12	widthdrawToken(address)	transfer(address,uint256)
ac509a53d146cb251c7245df19a0d07b	0xe28	drainUnsoldTokens()	transfer(address,uint256)
acf9443134050c25f73e89d0daf6fdfe	0xb2e	withdraw()	transfer(address,uint256)
ad104ce028a14e8a8d49df61824f99fd	0x2b9	withdraw(uint256)	transfer(address,uint256)
ad8943b1efd0c9ece1d187c9b254ef4f	0x24d7	migrate(address)	transfer(address,uint256)
adbe3e96d10e48bdd5690c88ec30489d	0x57d	unlockTeamTokens()	transfer(address,uint256)
adc4c2350186b7204a5fa1926f64f509	0x593	uniswapV2Call(address,uint256,uint256,bytes)	transfer(address,uint256)
adef921863f170b4dcf5e6652cd4e934	0x2f7f0x61b	transfer(address,address,uint256)	transfer(address,uint256)
ae58a8f589c04d6965ca546bf3873294	0xab8	drainToken(address)	transfer(address,uint256)
ae804c97c059eb50edda5c1de49b4322	0x4170x35e	transferOut(address,address,uint256)	transfer(address,uint256)
aed3c27f966ea0a10f402f946a342b0a	0x125c	turnOut(address)	transfer(address,uint256)
aee4597da2606c168649f9b02ab430fd	0x2f8	0x3429f94a	transfer(address,uint256)
af8ca370e5d73220568409fe08d697ce	0xb5f0x248	withdrawAllFeesByToken(address,address)	transfer(address,uint256)
afb84ff7c152f9abc670cc5734d1f71d	0x1148	transferAnyERC20Tokens(address,address,uint256)	transfer(address,uint256)
b023d11b8a1de340e8b129c67c0e6caf	0x1004	0x483ecb13	transfer(address,uint256)
b04ebde059ceb22ebdc4d7f92474e6b1	0x1784	transferAnyERC20Token(address,uint256)	transfer(address,uint256)
b0b857c5d34c01f7749dead9417d0b29	0x22d8	divest(uint256)	transfer(address,uint256)
b1020df9c2ad0a98ba17cb621676d50d	0x15e7	transferAnyERC20Token(address,uint256)	transfer(address,uint256)
b114dda2345583d391bafa435c5113cd	0x4af	withdrawToken(address)	transfer(address,uint256)
b170b2f701b6e396314d3540559da3a6	0x1c05	migrate(address)	transfer(address,uint256)
b222ae3035af1f79aa17ec9ce53affa6	0x1148	transferAnyERC20Tokens(address,address,uint256)	transfer(address,uint256)
b271c91d8fad4d07d0597e461f79197f	0xa9e0x85d	escapeHatch(address,address)	transfer(address,uint256)
b2fb0310aca4543b3965c0873e81100b	0x1181	withdrawToken(address,uint256)	transfer(address,uint256)
b30f094d3df732dc844aae1aac768540	0xedd	settleClaim(uint256)	transfer(address,uint256)
b3a35fa61aef9cf3f34ae3ef120ffbeb	0x1c56	unlock(address)	transfer(address,uint256)
b41347c616245feee59567332fca5219	0x10ad0x41d	0x4e08b23f	transfer(address,uint256)
b420e58d14a469a582cc258921e6f139	0x1305	0xe5d98ba8	transfer(address,uint256)
b4376195a00d41300c1cd60a0607d172	0x627	transferERC20(address,uint256)	transfer(address,uint256)
b4a08f1fab9d1153788ddc549fdf88eb	0x4c6d	recoverTokens(address)	transfer(address,uint256)
b4b6505697b40136c624f610aae4d170	0x5790x1d9	0xc17b2851	transfer(address,uint256)
b5830660dbefe986db734d7d6720da90	0x1451	transferAnyERC20Token(address,uint256)	transfer(address,uint256)
b66e865ac9a07096f54ad6ac66ebec6b	0x360b	seize(address,uint256)	transfer(address,uint256)
b685debc41f079d81efc4773bf65c4c2	0x55c0x1bc	0xc17b2851	transfer(address,uint256)
b71ab9d6bc9fbb8e323557bcf7acbe3a	0x57d	unlockTeamTokens()	transfer(address,uint256)
b74ccbf2834c6afd00351afc4a79ce3c	0x118f	returnUnsold()	transfer(address,uint256)
b7bbb122ebc917863464cb48b8a7c8f0	0x3f88	migrate(address)	transfer(address,uint256)
b7d025846d8c74fe2ec27e997f44a8fc	0x193c	emergencyERC20Drain(address,uint256)	transfer(address,uint256)
b90d730a6c8122694b4d8cae042ccc28	0xcad	0xd9a22820	transfer(address,uint256)
b913456e7dd2386e0fbe25d94c3b381a	0xc75	recoverTokens(address,address,uint256)	transfer(address,uint256)
b982ccd3ae5406ce64f1fdee434d417b	0x85e	withdraw(address,address)	transfer(address,uint256)
b9ac9225008fbd2671d05ed67064712c	0x6a6	0x2b6995dc	transfer(address,uint256)
b9d818934c4c41a7aec0479ef856dcdb	0x988	returnUnsoldTokensToOwner(uint256)	transfer(address,uint256)
b9ee6d39b410e6c8fb806ba4d7237404	0x174b	0xc129f9c5	transfer(address,uint256)
bac471fcceab4196edc3f195e538eb17	0x6a6	0x55b280f9	transfer(address,uint256)
bad474ed406716b64b258cce61dae223	0xabf	0x63e85557	transfer(address,uint256)
bb0aa1afd54b160e76655ea95056e3b5	0x491	withdraw(address,uint256)	transfer(address,uint256)
bb44be9a14ec99524fffda832f371d65	0x3a0c	adminEmergencyWithdrawTokens(address,uint256,address)	transfer(address,uint256)
bbb2b010334f60c70379a1dec092e164	0x13ab	transferAnyERC20Token(address,uint256)	transfer(address,uint256)
bc06c036e6d10b24ad7e44bc6d068623	0xaf90x1a7	transfer(address,address,uint256)	transfer(address,uint256)
bc323afc681d45015db7c4cb3531105c	0xe06	rescueFactoryFunds(address)	transfer(address,uint256)
bc63db736914d9f58a31a7e9604a642b	0xc13	recoverForeignTokens(address)	transfer(address,uint256)
bcc9b1c05df8767e38f709b31f8b082b	0x197e	rescueLostTokens(address,uint256)	transfer(address,uint256)
bd3bc033b48f01710e68a433938241cd	0xeb8	withdraw(address,uint256)	transfer(address,uint256)
bd5a3f8a4509bcb0193b6d766e557488	0x13ab	transferAnyERC20Token(address,uint256)	transfer(address,uint256)
bd61711e78a592804143d68ce711a777	0xda6	withdraw(bytes32,bytes32)	transfer(address,uint256)
bde0711dfca21f1d4893619849ab7595	0xb8e	transfer(address,address,uint256)	transfer(address,uint256)
be00cf38b61549844ad5e53c7177ef35	0x3a6	uniswapV2Call(address,uint256,uint256,bytes)	transfer(address,uint256)
be5644f03238f3f12b9ebf07e3227759	0x3b64	seize(address,uint256)	transfer(address,uint256)
bed6c3224332dcd97e78b4603d541e2c	0xa62	recoverERC20(address,address,uint256)	transfer(address,uint256)
bee2f42f5c56c8474b518ddcf6c1d6b2	0x63f	retByAdmin()	transfer(address,uint256)
beeaa936fcb7f0130c168774e2aed6fe	0x9e0	recoverTokens(address)	transfer(address,uint256)
bf3d81fe3765b130656adb00ec2d01b3	0xc9b	0x4b9bd1e1	transfer(address,uint256)
bf437a8865fb36ed521482f6832d2b68	0x528	withdrawTokens(address)	transfer(address,uint256)
bf6952fad2ec611e866006d079bcbafb	0x5bf	withdrawToken(address,address,uint256)	transfer(address,uint256)
bfd981bf56604252984b2aa60ff44eb9	0x8310x284	0x4e08b23f	transfer(address,uint256)
bfe886b638fd476d4437035cc34dbc3d	0x112f	recoverERC20(address,uint256)	transfer(address,uint256)
c014d81401f2667a3602670bf6464733	0x7c8	transferERC20(address,address,uint256)	transfer(address,uint256)
c03cfefe119a7e69684e25ed6945e704	0x2cb0xd9	withdrawTo(address,uint256)	transfer(address,uint256)
c06748bab6d8528b86573ed49c1d9114	0x57d	unlockTeamTokens()	transfer(address,uint256)
c106739b9cdf3e73b763b50c57360cef	0x11ac0x1fa	withdraw(address,uint256)	transfer(address,uint256)
c1362398e03e43939fa4feac25cd8ab8	0x21990x469	0xa95910f2	transfer(address,uint256)
c15a9533578f8dd0ebe30f66bc6cdd37	0xeb7	withdraw(address,uint256)	transfer(address,uint256)
c198f428b8002b9c47f522db1a93afc1	0x4e3f	recoverTokens(address)	transfer(address,uint256)
c1e32c68877a013ca24c7c1c3532d18f	0x276d	0x7198d065	transfer(address,uint256)
c210f46ffd222a9492b6a3488aec56e6	0x110c	recoverERC20(address,uint256)	transfer(address,uint256)
c235311b0818be51c84ea83c11ebdd11	0xa1e	widthdrawToken(address)	transfer(address,uint256)
c25e3a7369a877e23149e98908f1504b	0xc7a	drainToken(address)	transfer(address,uint256)
c27b1ff86f2078cb49dc3bb39e392b76	0x1a010x281	0xde93a787	transfer(address,uint256)
c28e274188a9f91393c7d83b3ce1ad33	0x46c	recoverERC20(address,address,uint256)	transfer(address,uint256)
c2af9aa575304898017b06ffa0a8cf5f	0xdad	transferCollateral(address,address,uint256)	transfer(address,uint256)
c2db9c0867d191d738101ee156c48f7b	0xd1f	uniswapV2Call(address,uint256,uint256,bytes)	transfer(address,uint256)
c38e8be44a9bd15c387e8f8935b44296	0x3635	migrate(address)	transfer(address,uint256)
c3ed50a20718e61fdacfae8c0bf082e2	0x63f	retByAdmin()	transfer(address,uint256)
c42b1eea428568ad2939d3917bf12376	0x998	withdrawToken(address)	transfer(address,uint256)
c4f558938fe5d2551dec0836be817b75	0x63f	retByAdmin()	transfer(address,uint256)
c554a474f1c8b838b7d552415726c0b3	0x238b	migrate(address)	transfer(address,uint256)
c58a290b47f39f4827a99cab7c42fba8	0x25e	fallback()	transfer(address,uint256)
c5c5d6aacaed1571a603a0c7c7eec183	0x292d	0x6326cbb4	transfer(address,uint256)
c6155855ee47d934380ab0b71f699b0c	0x1d60	transferAnyERC20Tokens(address,address,uint256)	transfer(address,uint256)
c61afa3603bea7373150fc3dd25a5ad1	0x6160x224	0xc17b2851	transfer(address,uint256)
c694f2f3f28a035713b154f911a11cd2	0x376	withdrawTokens(address,uint256)	transfer(address,uint256)
c721ea384922ee42765e9b179cf0782e	0x952	Swapin(bytes32,address,uint256)	transfer(address,uint256)
c79ce01658766b9d074ffcf5b0510844	0x44b	oreDrawing()	transfer(address,uint256)
c883002b977ba8c0ecf06de9ccdcb7a9	0x389	sendRewards(address,uint256)	transfer(address,uint256)
c9710f077690546a41960221ab09826d	0x59d0xc3	0x4e08b23f	transfer(address,uint256)
c9b007145f03d33612b2dc3810750f5a	0xdaa	drainUnsoldTokens()	transfer(address,uint256)
c9fbf536fdbda443bddb33d15aa85e7a	0x14e1	transferAnyERC20Token(address,uint256)	transfer(address,uint256)
ca1bd2e1c74d67717639d5ef3f36abc6	0x2167	burn(address,address,uint256,uint256)	transfer(address,uint256)
ca1c7dd236c18a8ed0732e3083694130	0x14e1	transferAnyERC20Token(address,uint256)	transfer(address,uint256)
cb29244f34fbf0b1f46f471e0d19c338	0x13c70x12ee	unpack(address,uint256,uint256)	transfer(address,uint256)
cc06ebd528edda3494ea1a351e802043	0xa9e0x85d	escapeHatch(address,address)	transfer(address,uint256)
cc656dd6a6d3beae2e75ff7fc8f3993b	0x1506	transferAnyERC20Token(address,uint256)	transfer(address,uint256)
cd12480bd9f572e7ed2ddfd683ca7719	0x103f	withdrawToken(uint256)	transfer(address,uint256)
cd1b97529aa97c8061b2572cf7c10a80	0x12bd	recoverERC20(address,uint256)	transfer(address,uint256)
cd9846ab3c35b237ab4c87c50150dc40	0x218b	0xc0fe282c	transfer(address,uint256)
cd9ab217687adf4ee189564ce4ed1caf	0x5f90x207	0xc17b2851	transfer(address,uint256)
cda9fae71b86768132a6ccc5bcd8caea	0x40b	withdrawLiquidity(address,uint256)	transfer(address,uint256)
cdb8e2313d55b5f6d60cfe825af32405	0x790	claim()	transfer(address,uint256)
cea56f147a9ab109772fb73075bf3560	0x3d2c	transferToken(address,address,uint256)	transfer(address,uint256)
ced9c6390531de06b92ddf9c5f741dcf	0x14aa	transferAnyERC20Token(address,uint256)	transfer(address,uint256)
cee1deaba7f85cf31684effdb5f56358	0x6ed	rescueToken(address)	transfer(address,uint256)
cf8314850717b43aaa3c08c356496f22	0x56e	endSale()	transfer(address,uint256)
cfc2473a1ccdd940d0fb21a1f4c40169	0x10fe	getUnsoldTokens()	transfer(address,uint256)
cfe2fb8d43853a0c76213caf8ea82ebb	0xb48	0xa0a7443	transfer(address,uint256)
d09128fc5c411bb3086c694e0f5fcc07	0xcb1	withdraw(address)	transfer(address,uint256)
d0b68bf2eb51d7b414717ae49f6032f0	0xb45	withdrawToken(address)	transfer(address,uint256)
d1196641cecf2802b2a828d3b278317e	0x14aa	transferAnyERC20Token(address,uint256)	transfer(address,uint256)
d11a2e218b109238bb903d96cb9760b2	0x147e	drainToken(address)	transfer(address,uint256)
d11ada2e26ad4e32f7b7d955f7a46951	0x655	transfer(uint256)	transfer(address,uint256)
d2a694634dea76b52252d832a749c649	0xf8d	claimToken(address,address,uint256)	transfer(address,uint256)
d2abcbb24b2e9a06f68c4c4e1042a187	0x18220x1bd	0x4df46cba	transfer(address,uint256)
d2af2d2db02eae0e5d75d696efaca050	0x1148	transferAnyERC20Tokens(address,address,uint256)	transfer(address,uint256)
d2e6998fcde8f37bc2fea066d66a59a8	0x2493	transferAnyERC20Token(address,uint256)	transfer(address,uint256)
d2fc98de07fd734f948eb4f4a4e8ad58	0x1706	drainToken(address)	transfer(address,uint256)
d34f292f9b990b4420bf1f91c0ceb8d1	0x57d	unlockTeamTokens()	transfer(address,uint256)
d4bad0cee80e143d435ea7649331859d	0x19de	claimTokens(address,address)	transfer(address,uint256)
d4c50ae4b3e9196d0013b96dc6976489	0x17f5	transferToken(address,address)	transfer(address,uint256)
d52a17f209e1e642d5209e055284636f	0x9d8	0x362e496b	transfer(address,uint256)
d5b6193cf62e0148a554d7a089a0c4d9	0x267a	withdrawERC20Tokens(address,uint256)	transfer(address,uint256)
d5ccb1daa08656567f0919c089eef29c	0x25f9	0xc7d1ac38	transfer(address,uint256)
d70aa2fb31aa08c1af8763945333bc99	0xc6d	drainToken(address)	transfer(address,uint256)
d72b2fb1c6df1024fae073ad6053e297	0x73d	extractTokensIfStuck(address,uint256)	transfer(address,uint256)
d7725820360c85b8720fb406efb6cf87	0x46a	unlock(address,uint256)	transfer(address,uint256)
d7bf980714da2cc331c24ecffc4e885f	0x6f2	getReward()	transfer(address,uint256)
d810b9c4d17e8d0e63a0f59c5c6842fe	0x83c	adminwithdrawal(address,uint256)	transfer(address,uint256)
d833963e25069a117f81d46e50363a34	0x669	rescueToken(address)	transfer(address,uint256)
d85c879d42bd0e3a85f745cd78f1acba	0x292	retrieveTokens(address,address)	transfer(address,uint256)
d87e10330aa8f8dbfa7860e3eda22fe6	0xad0	0x86210d13	transfer(address,uint256)
d8a7a18464f5103a826b7bea258b19ca	0x46c	recoverERC20(address,address,uint256)	transfer(address,uint256)
d90d9bdb2470268d6125eb39f3a93aab	0xe8d	exitTier(bytes32)	transfer(address,uint256)
d9a0c65164f95069e5ae68cc9833faf5	0x291f	0x6326cbb4	transfer(address,uint256)
d9e1e7a50416b80489e8e4d1bb3dfec3	0x1d9b0x121	0x6df586b2	transfer(address,uint256)
dab5f3b4022d29e6c4c63326fd150a62	0x9d7	getUnsoldTokens()	transfer(address,uint256)
db167dfb720803ffa400e4f72dfdcc63	0x723	0xd0c810	transfer(address,uint256)
db41408211d0142acf6a3f05f986f228	0x9d7	getUnsoldTokens()	transfer(address,uint256)
db89ee63ef098e74ccae8e91840f6137	0x675	withdraw(address,address)	transfer(address,uint256)
dcb45b26a9ffb9b3fd12e9730b50c2b4	0x974	releaseMyTokens()	transfer(address,uint256)
dcffaca3990a7c321a34e7e50bc2619e	0x1276	cancelOracleRequest(bytes32,uint256,bytes4,uint256)	transfer(address,uint256)
dd04ab22e2ac0040641ad7eed3d2f3ff	0xd830x417	0x4e08b23f	transfer(address,uint256)
dd04d5fe6c698a2992fce080283ce2ab	0x181e	transferAnyERC20Tokens(address,address,uint256)	transfer(address,uint256)
dd49baeb0953f53b74ca68b4b45d85c0	0x1630	claimTokens(address)	transfer(address,uint256)
dde94a58f86ae7fab0f4371ff2896b33	0x14e1	transferAnyERC20Token(address,uint256)	transfer(address,uint256)
df6a601f7777adcfdb59721dd22f9766	0xf0d	0x758ce70d	transfer(address,uint256)
dfb63f6bd9da4efe6e4bb2a6d0c2192b	0xa94	transferAnyERC20Token(address,uint256)	transfer(address,uint256)
dfbf6ceb81e27df00ff6f05855b58f1d	0x956	withdrawToken(address,uint256)	transfer(address,uint256)
dfe1a15670a6ed1b0e8135025c67bea0	0x516	withdraw()	transfer(address,uint256)
e017707fc047c536f83437a594ab3526	0x1836	0xcfec099	transfer(address,uint256)
e019c5c2663271537c4583e953680c8e	0x167b	transferAnyERC20Token(address,uint256)	transfer(address,uint256)
e01a104fa122fc154010a4546738a7b1	0xd97	drainToken(address)	transfer(address,uint256)
e037bc8cd6fde59a05ef1997cb06ef67	0x169a	transferAnyERC20Token(address,uint256)	transfer(address,uint256)
e09d33e15eb8e986de95d7c640fb43aa	0x561	release(address)	transfer(address,uint256)
e1058b0845b2345e1a3a8de6502a6bf7	0x1451	transferAnyERC20Token(address,uint256)	transfer(address,uint256)
e1060ce6ca3773bbfd5764c57acb87d8	0x32050x518	transfer(address,address,uint256)	transfer(address,uint256)
e258f5d56150842da508675769764259	0x953	getUnsoldTokens()	transfer(address,uint256)
e267e7ed2e8fdf73b76aae6276533ce7	0x2095	recoverERC20(uint256)	transfer(address,uint256)
e2993de88fe0c30ad41900ef1f841e34	0x22c9	0xc7d1ac38	transfer(address,uint256)
e323a5fd86f3c037d6fb49b2dda2e52d	0x2ba20x2b8	transfer(address,address,uint256)	transfer(address,uint256)
e4d50923efe96a504ea9d3856457c919	0x1aac	transferAnyERC20Token(address,uint256)	transfer(address,uint256)
e4e38d78f08631a88ba1c89babe0e5db	0xc7a	drainToken(address)	transfer(address,uint256)
e514f882af0b1dce3e24fcf435e783b2	0x93a	0xee983b08	transfer(address,uint256)
e523381d675566131a81927afdc180f9	0x844	0x812dfcaa	transfer(address,uint256)
e55c7d23afa449d91d35bc772da55f10	0x3b8	airDrop(address[],uint256[])	transfer(address,uint256)
e5fd6560f34cf014d6c206ada557dfe6	0x1d60	transferAnyERC20Tokens(address,address,uint256)	transfer(address,uint256)
e6011068b65349e7a2b708f175fc56b7	0x389	sendRewards(address,uint256)	transfer(address,uint256)
e71fab290f08aff1e0f7ca4e0e1f8799	0x14e1	transferAnyERC20Token(address,uint256)	transfer(address,uint256)
e7b98041b9eb7242f620e58a5b4e815e	0xbb9	withdrawTokens(address)	transfer(address,uint256)
e7ba0e569dcdad52b1292f129196f9ea	0x262d	withdrawERC20(address)	transfer(address,uint256)
e7f1c8509f5034a9be7880fb0b7ad51c	0xd4f	0xfb5f7701	transfer(address,uint256)
e801d37d36398edbdc578dfaea6ad3cf	0x1335	0x483ecb13	transfer(address,uint256)
e811077f41dd4a65199689299af3eaa9	0x95d	0x5477d84	transfer(address,uint256)
e833ca48f565e8cc09d0d4b4c8f527f1	0x8a2	withdrawTokens(uint256)	transfer(address,uint256)
e84906c76afbba5718c74aec3ab861d4	0x998	withdrawToken(address)	transfer(address,uint256)
e8baa2cf5f84ef77f4ce39ccabe0bfb8	0x380	AirTransfer(address[],uint256,address)	transfer(address,uint256)
e8d9ccb5b532ae23d2ba61352c05d1a5	0x8f5	drainToken(address)	transfer(address,uint256)
ea6dc8bdcbf92e3bdeb0daf6f0f98f5b	0x63a	OwnertransferAnyERC20Tokens(address,address,uint256)	transfer(address,uint256)
ea849d26ae554105c4f683ea15d205c0	0x130c	0x879905a1	transfer(address,uint256)
eaaaeea42b716e90fa661fffa0deadfd	0x181d0x1a6	0xf909e567	transfer(address,uint256)
eab6210e77247622157683dfb31ed13e	0x19fc	recoverERC20(address,uint256)	transfer(address,uint256)
eacfd86fb7fbf1dfb46ce2523e8d9e14	0x118c	getReward()	transfer(address,uint256)
eaf09d713d4c733d552f367e5ad98c10	0xa98	recoverTokens(address)	transfer(address,uint256)
eb684718cc989f45b512b926cb9f5424	0x325	0xe27bc280	transfer(address,uint256)
eb9ca9ffc7665894f1045538587bf744	0x834	withdrawToken(address,uint256)	transfer(address,uint256)
ec39550214cf93bd46c87e8938be24fe	0x167e	recycleETF(address,uint256)	transfer(address,uint256)
ec7b660f43ebf3ec9791f158287cfa64	0xd49	withdrawTokens()	transfer(address,uint256)
ed3392918a2822b75ed151ca807fcae1	0xbb40x5e3	claimFees()	transfer(address,uint256)
eda3cbb87d52036514ddaec1a032aead	0xb8b	transferAnyERC20Token(address,uint256)	transfer(address,uint256)
edad2456eea502412518af236aa6cb99	0x12520xe95	pika(address,uint256)	transfer(address,uint256)
edb94470e6b22d7d36e25dcea87d1ef5	0xa6d	0x452743ff	transfer(address,uint256)
edc353266074ada906aa10de25fcbdec	0x165c	withdraw(address)	transfer(address,uint256)
edc8fee991ac056dcf6fc4066fff4a3e	0x69a	claimRewards()	transfer(address,uint256)
ee262e52867537beb2ef82c0578ba9cf	0x67f	withdraw(address,address)	transfer(address,uint256)
ee6ab87a088d96ee6ba5fd96a47438dd	0xa2e	0xcbe47d6c	transfer(address,uint256)
ee8ba9e205e6d9f007edbdeafba4f424	0x9f4	recoverERC20Tokens(address,address,uint256)	transfer(address,uint256)
ef56df9cf7c2912ae5adc272ab81bb38	0x11cb	0xc7e42b1b	transfer(address,uint256)
ef5bac6c1a995323683aab6fdd4973e5	0x14e1	transferAnyERC20Token(address,uint256)	transfer(address,uint256)
efc79a0b43dcecb2e582988d5c9b2879	0x7d3	0xf8abb9fd	transfer(address,uint256)
efe802be8938f27bbdf5ef4ebf8ad349	0x15af	0xd3ef7740	transfer(address,uint256)
f05287b5ceb06d78da726e271478d385	0x8f3	0x26d70211	transfer(address,uint256)
f076ed225f63cf3598123e716a345e51	0x1a7f	0xcc3c261e	transfer(address,uint256)
f07ac36d0a6f0482c39ce0afc20cd75c	0x14e1	transferAnyERC20Token(address,uint256)	transfer(address,uint256)
f07c53c36c99f3847777dde5e7879fb8	0x1ee0	loan(address,address,uint256)	transfer(address,uint256)
f0a8f2747c7976802cb19526ac518811	0x979	transfer(address,address,uint256)	transfer(address,uint256)
f10b33378798fd5f8168b5d01611599f	0xfef0x2d7	withdrawToken(address)	transfer(address,uint256)
f1ff7f892f8d22f6abb6c004783b2b6d	0x676	transferERC20(address,uint256)	transfer(address,uint256)
f2450fff598a6cdf879a877e764601e6	0x4813	migrate(address)	transfer(address,uint256)
f284d81e4f8b9214f68f120b8aee7e50	0x57d	unlockTeamTokens()	transfer(address,uint256)
f2feea7b4697a4290062fee761ae5486	0x965	withdrawToken(address,uint256)	transfer(address,uint256)
f3754ddfbdb586ec8eab4b44e3527267	0x3b7	setToken(address)	transfer(address,uint256)
f495654d3f9f133e925c84a646159b0d	0x136e	withdrawToken(address,uint256)	transfer(address,uint256)
f4be6a134fafe4bf312b6dcbce704ae3	0x14e1	transferAnyERC20Token(address,uint256)	transfer(address,uint256)
f4c66fc0384f3b2f3f477e6b302e8bc3	0x57d	unlockTeamTokens()	transfer(address,uint256)
f4d9f008e1f7c9f03c50267172778287	0x16a0	claimTokens(address)	transfer(address,uint256)
f50e3a7ddb915d9bab34c49184164f02	0x146f0x104d	pika(address,uint256)	transfer(address,uint256)
f5e81dc9e4b0955a6c7c72021600fa2d	0x153b	0xc129f9c5	transfer(address,uint256)
f662f764ea997e01d5af4583f4339a7a	0x7b0	transferAsset(address,address,uint256)	transfer(address,uint256)
f6db0de05433de9fb8e4cbbbc99fd317	0x988	unstake()	transfer(address,uint256)
f77e9b3afd6a1e97bdbabf742114e129	0x1086	getUnsoldTokens()	transfer(address,uint256)
f7a849ecfc533bcbff88994b33ffcc38	0x638	withdrawToken(address,address,uint256)	transfer(address,uint256)
f7dccd8467f744220d25eed1950cafec	0x790	withdrawfee(address,address)	transfer(address,uint256)
f7fb48c1fc44a7a23bce92db3c04f4f9	0x9d8	0x362e496b	transfer(address,uint256)
f800f2986f6acd0193c4541e66fe3717	0x32c7	recoverTokens(address)	transfer(address,uint256)
f8059cda252c813814a3b3f72e3d6191	0x1981	removeStakedTokenReward(uint256)	transfer(address,uint256)
f83f440d5089938c9a8665cece88bc19	0x31750x61b	transfer(address,address,uint256)	transfer(address,uint256)
f92b4dea364592523560ae435bfee813	0x71e	withdrawToken(address)	transfer(address,uint256)
f981ca1651f5287b4ebe6eb22fe7f0f6	0x3220	_withdrawFees(uint8)	transfer(address,uint256)
fa26dc3d31a4d8f0c2d2cd9a7645040f	0x2f000x518	transfer(address,address,uint256)	transfer(address,uint256)
fb06fd0173e680b3a47e9294eb8cf8b6	0xc5a	buyCozyAffiliated(uint256,uint256,bool,address,address)	transfer(address,uint256)
fb3cf5262efe394568039647680cfb6b	0xbd1	withdrawAllToken(address)	transfer(address,uint256)
fb41965e7745a19b5e97fef14d08fcd5	0xaf70x874	escapeHatch(address,address)	transfer(address,uint256)
fbdb539658e76c475e7a3dba9a2c6d25	0x998	withdrawToken(address)	transfer(address,uint256)
fc25ee313fd6ebed6d908a2f25b5ffe4	0x3d27	transferToken(address,address,uint256)	transfer(address,uint256)
fc2d6f34f219c186bc35e1fbeb5e5de6	0x63f	retByAdmin()	transfer(address,uint256)
fc5e8cf9c662f56e23423e246e6a881d	0x4f2	refund(uint256,address)	transfer(address,uint256)
fc773c1b474d69aaabe215f0660bee39	0x57d	unlockTeamTokens()	transfer(address,uint256)
fca48cf75143b4f0ae604ba04bb6c7d5	0x70e	withdrawToken(uint256)	transfer(address,uint256)
fccecf111827900d001d521bf114c388	0x5b9	transfer(address,address,uint256)	transfer(address,uint256)
fd70a1b86109b314ea0bfae29ff28c32	0x64b	0x65c48b13	transfer(address,uint256)
fd97abad9b7fe5660d026425dde38ffc	0x3d1c	migrate(address)	transfer(address,uint256)
fddea37812a72111ad444461e09296d7	0x57d	unlockTeamTokens()	transfer(address,uint256)
fe6776e65858d780e15ed57cc6d4d7f4	0x976	withdrawToken(address,uint256)	transfer(address,uint256)
fe71d47c5d3d105994a84bde5885be50	0x22d8	divest(uint256)	transfer(address,uint256)
fe9eb06eec9b1415691b97c8b83ed56c	0x14e1	transferAnyERC20Token(address,uint256)	transfer(address,uint256)
fee41edc905232dea04feca16a42679e	0x17fd	0x420ed8ea	transfer(address,uint256)
ff4d1e2c23d0fc6377b1fc6d742d8623	0x1428	0x362e496b	transfer(address,uint256)
ffb32b5ee3eac0ef094958851dce4ca2	0x1087	recoverERC20(address,uint256)	transfer(address,uint256)
fff5be17c262f34d65781772ea8b17a7	0x9e6	0xe3b24504	transfer(address,uint256)
fffdae9e6bcb3d79c1328568303fde1c	0x7e7	withdraw(address)	transfer(address,uint256)
