06788ddd4620941ba000bec4608b407e	0xe2a	complete_session(bool)	transferFrom(address,address,uint256)
0bcf138222343dd77230337310b8fbe7	0x3d2	transferFrom(address,address,address)	transferFrom(address,address,uint256)
0ced700368d8fe1f7a650982d5b81a0a	0x392	lock(uint256,uint256)	transferFrom(address,address,uint256)
129796abf7d9afc355d825ad815aa253	0xd9d	airdrop(address,address[],uint256[])	transferFrom(address,address,uint256)
15d0b6a2a5c28ac86c83f9f8e2754d58	0x2ee	0xd1eaa429	transferFrom(address,address,uint256)
17f2f4d248562f01e9000b299b8eafc7	0x1102	0x3dd092a1	transferFrom(address,address,uint256)
1a2cd01e39f8e1d911f687ba2d8d6bd1	0x947	complete_session(bool)	transferFrom(address,address,uint256)
1bf1dac20ef9e61231d9292b3e829235	0x816	complete_session(bool)	transferFrom(address,address,uint256)
22943480b71db167322b7c20b9e9ea0b	0x164a	payWithBae(uint256[6],address[2],uint8,bytes32[2])	safeTransferFrom(address,address,uint256,uint256,bytes)
25a6c2b891b99be2e0121ec3a57a8378	0xdae	0x6afc7340	transferFrom(address,address,uint256)
293db3bdd0e8c0f10cb2c055891c9894	0x7fb	0x44641eb	transferFrom(address,address,uint256)
2b2812b86d1bbc73a4f3d3474eae068d	0x4d5	0xe2659d1	transferFrom(address,address,uint256)
375dc41f079e6511b2759995dbef4503	0x80e	complete_session(bool)	transferFrom(address,address,uint256)
39a49fedd3e02e6976152ba8e83134bc	0xd9d	airdrop(address,address[],uint256[])	transferFrom(address,address,uint256)
3a8723d333f63c5b478238c22fb1d0fd	0x3d2	transferFrom(address,address,address)	transferFrom(address,address,uint256)
3b164efdc560dea98fb774f2b20ea83c	0x5eb0x4b4	0x61658a3b	transferFrom(address,address,uint256)
400a981a7d73cd9af7883f656cfbc082	0x4d5	0xe2659d1	transferFrom(address,address,uint256)
40486d24be7b8b36639767c43f9670cc	0xcc8	transferFrom(address,address,address,uint256)	transferFrom(address,address,uint256)
40960ead4bc1c952b74f5386e005557e	0xcc8	transferFrom(address,address,address,uint256)	transferFrom(address,address,uint256)
4d2235eb36e87eb4c03833c2cae65111	0x388	erc20safeTransferFrom(address,address,address,uint256)	transferFrom(address,address,uint256)
537773f1c53391cb151997af08b81c06	0x1cc4	withdraw(address,uint256,address)	transferFrom(address,address,uint256)
587592076a4da7c2e234d785c7323682	0x817	complete_session(bool)	transferFrom(address,address,uint256)
5da47b84f1e163ae389b75d9b447c5b8	0x158a	redeem()	transferFrom(address,address,uint256)
62032efbbd32b01c9ec19d54a8794612	0xd9d	airdrop(address,address[],uint256[])	transferFrom(address,address,uint256)
663f1abced9bb6bcf7f86ca73ebeecad	0x402	withdrawETHAndTokens(address)	transferFrom(address,address,uint256)
7494cdacbdb9c526d89147d02e51dc1a	0x9bf	triggerBonus(address)	transferFrom(address,address,uint256)
7646e184a6babccef740387c9f33587f	0x8e4	migrate(address)	transferFrom(address,address,uint256)
7a57fd8457e0eb51751ddb9e64760264	0x2a3e	0x94a144db	safeTransferFrom(address,address,uint256,uint256,bytes)
7dc8daabcd3c89b59129ebb92c91fae9	0x6bf	transferFrom(address,address,address,uint256)	transferFrom(address,address,uint256)
8195ed0c955143b0457c3610dfe048b9	0x2063	0xa57aad95	transferFrom(address,address,uint256)
85a4cc25e7723024639e0f0e47f38238	0x8b20x2ca	recoverERC721Safe(address,address,uint256)	safeTransferFrom(address,address,uint256)
85a6944893812ad8a00a14a587ef127b	0xbb8	withdrawUSDT(uint256)	transferFrom(address,address,uint256)
8e03903a397b590cc296272a32cca111	0x2408	0x94a144db	safeTransferFrom(address,address,uint256,uint256,bytes)
93f174197b2ee03de391bd12c3b7d7e8	0x986	complete_session(bool)	transferFrom(address,address,uint256)
9407da33a064aaaf0eab6e0970338d2b	0x798	endSale()	transferFrom(address,address,uint256)
971cea4511a3aa1e2a9766d219d805c5	0x848	withdrawUSDT(uint256)	transferFrom(address,address,uint256)
98a50addb55f3b84d6064489dd4ad8ad	0x3d2	transferFrom(address,address,address)	transferFrom(address,address,uint256)
9e57c3aad78510f9a50d7d688dd64cc5	0x263	0x5492eed	transferFrom(address,address,uint256)
a5abc2595369181579c78a4b48a649eb	0xfa5	0xceb757d5	transferFrom(address,address,uint256)
ae3bf4ca098d8fcfeac9bcd744c9ce92	0x797	endSale()	transferFrom(address,address,uint256)
ae96966574ce249216071ebe91f297b5	0x1d0	transferMany(address,address,address[],uint256[])	transferFrom(address,address,uint256)
aed3c27f966ea0a10f402f946a342b0a	0x1369	batchTransfer(address,address,address,address,address,address)	transferFrom(address,address,uint256)
aef4f5c8711c9cd7370afefa53ca597f	0x3d2	transferFrom(address,address,address)	transferFrom(address,address,uint256)
b023d11b8a1de340e8b129c67c0e6caf	0xdd1	0x3dd092a1	transferFrom(address,address,uint256)
b3c04af6687dc484c467fc4bc1e0ad0c	0xdae	0x6afc7340	transferFrom(address,address,uint256)
b4e6b16e6ed617312c7e1a4ac5e51e55	0x3d2	transferFrom(address,address,address)	transferFrom(address,address,uint256)
b7d025846d8c74fe2ec27e997f44a8fc	0xd9d	airdrop(address,address[],uint256[])	transferFrom(address,address,uint256)
bbe195520b82b50b458310c70e6ddbfa	0x3d2	transferFrom(address,address,address)	transferFrom(address,address,uint256)
bc06c036e6d10b24ad7e44bc6d068623	0x360	transferFrom(address,address,address,uint256)	transferFrom(address,address,uint256)
bed6c3224332dcd97e78b4603d541e2c	0x986	complete_session(bool)	transferFrom(address,address,uint256)
c014d81401f2667a3602670bf6464733	0xaa1	0xdd71105d	transferFrom(address,address,uint256)
c0c1232f2737908f323a9297ced15a84	0x11fe	withdrawEVN(uint256)	transferFrom(address,address,uint256)
c4b835743e69e77f8cf0de83b8e64112	0xb18	safeTransferFrom(address,address,address,uint256)	transferFrom(address,address,uint256)
d412657da5856e4b5bef75d5cbf86d1d	0x798	endSale()	transferFrom(address,address,uint256)
d8102789ad5edda5229fda4c697530c2	0x506	withdrawUSDT(uint256)	transferFrom(address,address,uint256)
d86cbe3bed2e56727909fd957c17e8bc	0x39850x216f	0xae0c13a9	transferFrom(address,address,uint256)
da09d8bcf52a034dd4f5a3087583fd55	0x3d2	transferFrom(address,address,address)	transferFrom(address,address,uint256)
dd67ef3bcee29ef97e45c672ef608178	0x1b15	withdraw(address,address,uint256)	transferFrom(address,address,uint256)
ded7bca111ba4c36aff3b900b8731fa3	0x848	withdrawUSDT(uint256)	transferFrom(address,address,uint256)
e323a5fd86f3c037d6fb49b2dda2e52d	0xa63	transferFrom(address,address,address,uint256)	transferFrom(address,address,uint256)
e55c7d23afa449d91d35bc772da55f10	0x59c	0xe0103a13	transferFrom(address,address,uint256)
e6dda084e874c2ce7dcdd8e0be289c89	0x83c	0x5f0ab535	transferFrom(address,address,uint256)
e801d37d36398edbdc578dfaea6ad3cf	0x1102	0x3dd092a1	transferFrom(address,address,uint256)
e90cd29c1818834162e529d6da2cfa2e	0x3d2	transferFrom(address,address,address)	transferFrom(address,address,uint256)
ee8ba9e205e6d9f007edbdeafba4f424	0x82b	complete_session(bool)	transferFrom(address,address,uint256)
eed6816001d4cde7667480d85f89f538	0x3c330x23a4	0xae0c13a9	transferFrom(address,address,uint256)
f1a2675b21ad0a687614f467c0117491	0x3d2	transferFrom(address,address,address)	transferFrom(address,address,uint256)
f4d9f008e1f7c9f03c50267172778287	0x191d	0xe4bb5727	transferFrom(address,address,uint256)
ff52a04f3a604934a57135e4d9fee0a3	0x3d2	transferFrom(address,address,address)	transferFrom(address,address,uint256)
