001a20d03a65227de0e9c8b686bf4727	0xfa4	STAKE(uint256)	transferFrom(address,address,uint256)
001c616332a9f5e2ac61bcdcc5e1b0b4	0x19bc	approveAndCall(address,uint256,bytes)	receiveApproval(address,uint256,address,bytes)
00b702c04552090f19b623a89902e64d	0x5a2	0x9f1d0f59	swapETHForExactTokens(uint256,address[],address,uint256)
01199635ede3820b8c282817445e87b5	0xb36	balanceOf(address)	balanceOf(address)
01233bae8c5e5f65e31ecb76835d6f37	0x9ec0x190	0x3477ed1d	createPair(address,address,bool)
02468aa22c69a490c36047cb72c09815	0xd45	approveAndCall(address,uint256,bytes)	receiveApproval(address,uint256,address,bytes)
02b0359c138a6eb8aa3be3bf1531bed3	0x68c	uniswapV2Call(address,uint256,uint256,bytes)	swapExactAmountIn(address,uint256,address,uint256,uint256)
02ccb3ac2098dee1d1142c2cd4faf3b5	0x1f62	transfer(address,uint256)	tokensToSend(address,address,address,uint256,bytes,bytes)
04097dd0daed4a4bead594723a40dfb5	0x13a	0xbf481b95	setSwapFee(uint256)
0446ef0df7d48341db62c6f68e59e5a4	0x153b	buyHashRateWithHE1(uint256,address)	transferFrom(address,address,uint256)
050dc1eb121ba3230d26d113c544927f	0x10d2	transfer(address,uint256)	queryFee(address,address,uint256)
052eb4e4eb560ea0202580c09d258366	0xdc5	approveAndCall(address,uint256,bytes)	receiveApproval(address,uint256,address,bytes)
054d40f5781b87299256d9e6f96499b8	0x1562	0x16a80711	stake(bytes32)
05ecccbbec3a8ec3d9e6f05391b329a5	0xcb1	withdraw(address)	transfer(address,uint256)
06164f29dd1cd780a46a02c107e9db09	0x1434	0xc45ea4c0	withdraw(address)
062723caabaa80b88659a519eb59f101	0x2a5	logSendMemo(uint256,string)	transferFrom(address,address,uint256)
068d812a518f65f3c2e0dc9458100741	0x4cd	0x36b54aa0	swapExactETHForTokens(uint256,address[],address,uint256)
0703c41ec6ae5fb4afb20846e6119245	0xa6a	redeem(uint256)	mint(address,uint256)
0716c5324fb55a68cb0800d17a5fdc61	0x125f	approveAndCall(address,uint256,bytes)	receiveApproval(address,uint256,address,bytes)
0729b8a3b7ba58c878329b1711ab4430	0xfde	approveAndCall(address,uint256,bytes)	receiveApproval(address,uint256,address,bytes)
0745db0aff6450d2716071e667b982ee	0x258	0x10bdba0f	initializeVault(address,address,uint256,uint256)
07e66c8a3f3e5ba69ca0e493edab6d24	0x10ce	0x2682a593	createPair(address,address)
08358a641d83fd654026ef297e4d6297	0xd25	approveAndCall(address,uint256,bytes)	receiveApproval(address,uint256,address,bytes)
089cf6c6f346fab8fd25d3b7ad5ffe52	0x13f0	approveAndCall(address,uint256,bytes)	receiveApproval(address,uint256,address,bytes)
08f4724a957c3d13fc8d5aea80b950b9	0x1a44	transferFromAndCall(address,address,uint256)	onTransferReceived(address,address,uint256,bytes)
09f43a3cb0cd1f0c90cf49b9c5023623	0x1221	safeTransferFrom(address,address,uint256,uint256,bytes)	onERC1155Received(address,address,uint256,uint256,bytes)
0a0aa0bc510388557db9bbc7cd9a861b	0xdca	approveAndCall(address,uint256,bytes)	receiveApproval(address,uint256,address,bytes)
0a3e65bbe9bb7211ac2c697607699dd6	0x104c	0x4eafd3ff	create(uint256,uint256,uint256,uint8)
0add4ad23e431993cb1eb35e00e8899c	0x25c	unknown (fallback?)	harvest(address)
0bed88dbf4336f7e91f2b351671f8dc4	0x1562	0x16a80711	stake(bytes32)
0c1fc392dee2eff2e58cee7f8966d34d	0x4ac	0xe9c691aa	removeLiquidityETH(address,uint256,uint256,uint256,address,uint256)
0c5e7b0cbc926ace3f9db7ac4f2291c3	0xf3	depositIncentives(address,uint256)	transferTo(address,uint256)
0d17d6e4b3be7a7ed6597ff8243c2dca	0xf5e	convertEthToCRT(uint256)	swapETHForExactTokens(uint256,address[],address,uint256)
0d4b05138c0b5a782a6774d6ab462d7d	0x1331	approveAndCall(address,uint256,bytes)	receiveApproval(address,uint256,address,bytes)
0d66bccd3f60aae530a26086bcf4d6a9	0xbed	approveAndCall(address,uint256,bytes)	receiveApproval(address,uint256,address,bytes)
0dd6ae9c7ce8e8af696ae44b9f829207	0x5ca4	claimTokens(address,address)	transfer(address,uint256)
0e06c45429811e84194c96b2affddad8	0x5b0	swap(address,address,uint256,uint256,address,bytes)	withdraw(address,uint256,address)
0e51cd486524472cffb3360a4c31a329	0x308	0x11bea7a2	swapExactETHForTokens(uint256,address[],address,uint256)
0e58d2e53ca9efdfc9d4ebfb50ad7e83	0xfea	approveAndCall(address,uint256,bytes)	receiveApproval(address,uint256,address,bytes)
0e87f6065e11e9d41f298b28fc300b33	0x393	doSwap(uint256,uint256,address,address,address[])	swapExactTokensForTokens(uint256,uint256,address[],address,uint256)
0fcf8d15753fec1572d58f3aea1fd351	0xfde	approveAndCall(address,uint256,bytes)	receiveApproval(address,uint256,address,bytes)
0fe6e2c968bad4665696017476cd404b	0x1c68	0xd96073cf	transferFrom(address,address,uint256)
10582a4df0677b97c471262aafc3c2bf	0x1223	approveAndCall(address,uint256,bytes)	receiveApproval(address,uint256,address,bytes)
10b37b70c11eddefcc1b25380ce7248b	0x82b	transferToken(address,address[],uint256[])	transferFrom(address,address,uint256)
120c8015eda47b8458e034d83cd2927b	0xfde	approveAndCall(address,uint256,bytes)	receiveApproval(address,uint256,address,bytes)
121b14261caca35b5f4af85813783ca7	0xfde	approveAndCall(address,uint256,bytes)	receiveApproval(address,uint256,address,bytes)
122e4bb6996669bf0c2e263e6a1faf06	0x60a	reset(address,uint256,uint256,uint256,uint256,uint256,uint256,uint256)	reset(address,uint256,uint256,uint256,uint256,uint256,uint256,uint256)
12e8dd0452ad13984c5f80552ad1c636	0x9b6	approveAndCall(address,uint256,bytes)	receiveApproval(address,uint256,address,bytes)
13155297c5e17a399ad45936d546296e	0xfde	approveAndCall(address,uint256,bytes)	receiveApproval(address,uint256,address,bytes)
13b4cda7e0a9ca4595530c9264ded092	0xa9	take(address,uint256)	transfer(address,uint256)
1414740cc240d4e4f7e8045733e8f25c	0x1cfb	0x946bc433	transferOptions(address,address,uint256,bool)
142624ab9599b33a95533724bb653598	0x4e2	limitOrder(bool,address,uint256,uint256,uint32,uint256,uint256)	addLimitOrder(bool,address,uint64,uint32,uint32,uint72)
142cf4bf6f1f3c72137deeb383143bc1	0x441	sendTokens(address,address[],uint256[])	transferFrom(address,address,uint256)
145bd4a62bbcfff04dfd0787874ef484	0x4fa	0x36108182	setApprovalForAll(address,bool)
1485bb7f209cbad6ed943311dbda42f5	0x212e	transferSAFEOwnershipToProxy(address,address,uint256,address)	build(address)
14a24108e72ca5f05b2f6e87bda9b9e4	0x1baf	issue(address,address,uint256,uint256,address)	invokePreIssueHook(address,address,uint256,address,address)
153b39406a70443b1c7aeedfc8239d38	0x158d	alertTransfer(address,address,uint256)	withdraw(address,address,uint256)
154f0bf2ed2793e1d997c74d4914e5ea	0x9f4	0x6c738dc	swapExactTokensForETH(uint256,uint256,address[],address,uint256)
15917eb7505f21633aacedc4af69523b	0x7c80x33b	withdraw(uint256)	transfer(address,uint256)
15e3633ac43780b5f04b5736388f7be7	0xf24	approveAndCall(address,uint256,bytes)	receiveApproval(address,uint256,address,bytes)
15f1d25de801023c6d319f9fb53fa9e9	0x1346	approveAndCall(address,uint256,bytes)	receiveApproval(address,uint256,address,bytes)
15f54b2a072eb236c6fa853f4d006a14	0x1627	0xf851a440	initialize(address,address,bytes)
1608013a7f8fa256f2badc91430271e4	0x848	approveAndCall(address,uint256,bytes)	receiveApproval(address,uint256,address,bytes)
161c13872f93b182aa0c40d631997b74	0xfde	approveAndCall(address,uint256,bytes)	receiveApproval(address,uint256,address,bytes)
166c63956874e6d31d8db578de5c3f14	0xf24	approveAndCall(address,uint256,bytes)	receiveApproval(address,uint256,address,bytes)
167b0f207bffc1a931dae5715fcac7e6	0xec5	0x672d7a0d	transferFrom(address,address,uint256)
180e2da5243bfec6eaa222dbe5a8f0e5	0xce7	0x16a80711	stake(bytes32)
18897246fc8c949a7262fad774d4c2bd	0x1cd	unsubscribe(uint256,address)	unsubscribe(uint256)
192f297d22de176d2d543e801a472a9f	0x2ba7	transfer(address,uint256)	tokensToSend(address,address,address,uint256,bytes,bytes)
194954b3c01024e7dd6228bc3d6badb4	0x1257	approveAndCall(address,uint256,bytes)	receiveApproval(address,uint256,address,bytes)
1981eac119513dfebbd55ebf00fc56d1	0x8cc	transferFrom(address,address,uint256)	transferFrom(address,address,uint256)
19b89bd83d4bcb4d2f20bc6508c105c2	0x47f	claim(address,uint256,uint256,bytes)	claim(address,uint256,uint256,bytes)
19d5de5b7bcab31658f666ef3b385607	0x686	wrap(uint256,uint256)	transferCoupons(address,address,uint256,uint256)
1a5eac2d978d31040de3943263460397	0xd45	approveAndCall(address,uint256,bytes)	receiveApproval(address,uint256,address,bytes)
1a8cac9234f74908f336bd90c44b4a22	0x1331	approveAndCall(address,uint256,bytes)	receiveApproval(address,uint256,address,bytes)
1ab226bbd3cd66be2342cc2c870953e7	0xfa4	STAKE(uint256)	transferFrom(address,address,uint256)
1acf777de1784d1b5fffd781506068d3	0xfde	approveAndCall(address,uint256,bytes)	receiveApproval(address,uint256,address,bytes)
1af4009608e68ca48b92968c1109349a	0x2211	0xc369488a	stake(address,uint256,uint256)
1aff58f3161d4efa1d5f56aad534fb42	0xa9	recoverERC20(address,uint256)	transfer(address,uint256)
1bebf1ed72a5751522799914b3b627d4	0xd70	approveAndCall(address,uint256,bytes)	receiveApproval(address,uint256,address,bytes)
1d48dbc26f8059212ce40d2d5a4dfa2e	0xc71	liquidate(address,uint256,bytes)	flashLoan(address,address,uint256,bytes)
1e0e202b00aec7a02f4daca4da14c6ba	0x1562	0x16a80711	stake(bytes32)
1e3fb437f46fdf6fb910b025d461060d	0xdca	approveAndCall(address,uint256,bytes)	receiveApproval(address,uint256,address,bytes)
1e4cf307df4c88707facc733570aa185	0x1346	approveAndCall(address,uint256,bytes)	receiveApproval(address,uint256,address,bytes)
1e90b45be24765a48c1c976cda7aac98	0x1346	approveAndCall(address,uint256,bytes)	receiveApproval(address,uint256,address,bytes)
1eac95edae6f5b85c8fa12d3f18cc48c	0xa7b	0x1e5ef82f	swapExactETHForTokens(uint256,address[],address,uint256)
1ee5177fabcd285663b865772710d0fd	0xf24	approveAndCall(address,uint256,bytes)	receiveApproval(address,uint256,address,bytes)
1f206bebfd4d7b1e0583b7640b5ce16b	0xa17	approve(address,uint256)	approveByLegacy(address,address,uint256)
1fb97e1a8be1c6f0c8af35a9518e5d5d	0x741	IsPOZHolder(address)	balanceOf(address)
1feb993d5dad283ff98cf638910dff79	0x7bd	approveAndCall(address,uint256,bytes)	receiveApproval(address,uint256,address,bytes)
203a0aa49e70c80ade1f956ab8685c62	0x3c10x3b	sellQuote(address,address)	swap(uint256,uint256,address,bytes)
2043e9e88529e12cc045c31a075fa97a	0x713	0x6a49c962	updateSymbol(bytes32)
204b80405b5ef620bd4d971a2bba7a9d	0x7f5	exchangeSgrForEth(address,uint256)	balanceOf(address)
20cb3377229835528e2ac779f69a1412	0xcd6	approveAndCall(address,uint256,bytes)	receiveApproval(address,uint256,address,bytes)
20d1b17d47f0f30f723eb4e4cd3053f1	0xf86	alertTransfer(address,address,uint256)	withdraw(address,address,uint256)
20e65c1838b4c4f30401e7a5a53abd79	0x89b	harvest(address)	mint(address)
20f12be38739457294faf4f3fbe7efbf	0xabb	approveAndCall(address,uint256,bytes)	receiveApproval(address,uint256,address,bytes)
21caa9a8bf38eafee90c5b023fe7d62e	0xd6b	approve(address,uint256)	approveByLegacy(address,address,uint256)
21cf0c0cc8e1e73e9b41067852b8f2d2	0x158d	alertTransfer(address,address,uint256)	withdraw(address,address,uint256)
222472664edecade3cf815f786702d74	0xc6e	approve(address,uint256)	approveByLegacy(address,address,uint256)
2265fa5e1d971f1c88859b256b37a881	0x2f7c	0x3048133e	transfer(address,uint256)
228420322bf35a74f69b451b954c04e2	0x63c	0x232d8884	updateWhitelist(address[],bool)
22b312b999a5cdbd31ca5dbdd7395d73	0x61b	0x6f90d4d0	approve(address,uint256)
22d7d69dee44f7bed097ff6c42dac135	0x68b	getReward(uint256)	getRewardTodo(address,uint256)
22eac7425a997c6df1d0773a8260d1fb	0x928	0xf6d1acc3	transfer(address,uint256)
22f973efa784db592160c44d1cad78ce	0x14f	getFee(uint256)	getFee(address,address,uint256)
23316dc60651e0889b376ff6b7e68c73	0xcdc	transferWant(address,address,uint256)	transfer(address,uint256)
23475d75671fa8d5e7ae88d264cc20a9	0xe7a	POOL1_stake(uint256,address)	transferFrom(address,address,uint256)
23bf7176013adeed6eb7accd39d01a82	0x125b0x113a	uniswapV2Call(address,uint256,uint256,bytes)	transfer(address,uint256)
241e6615471e4cbb72e09ad12a69d20b	0x4f7	mint(uint256)	mint(uint256)
2425414286c59e9dac3f1253b92072d8	0xd6b	approve(address,uint256)	approveByLegacy(address,address,uint256)
2485bc8b3e3f526086c34038682e7739	0x181a	transfer(address,uint256)	tokensToSend(address,address,address,uint256,bytes,bytes)
24b04eb749e1d824a138f6ed2e837835	0x832	batchTransferToken(address,address[],uint256[])	transferFrom(address,address,uint256)
254a7428da6f561b57b0ba96b25663b0	0xfde	approveAndCall(address,uint256,bytes)	receiveApproval(address,uint256,address,bytes)
254ab072878baab1884ac193f1c40911	0x848	approveAndCall(address,uint256,bytes)	receiveApproval(address,uint256,address,bytes)
25d39ce082ffd3622e98d50ce742a24f	0x52fa	withdrawAllToVault()	notifyFee(address,uint256)
26148592506abd497e9cf48f6a95767c	0x16fe	accumulateCollateralStabilityFees(address,bytes32)	drip(bytes32)
26d55b81855a053a794c17e8b1326324	0x1f2	approve(address,address,uint256)	approve(address,uint256)
275f9f71a2d659829504985ca7c876aa	0x5411	withdrawAllToVault()	notifyFee(address,uint256)
27a78448b06895f1e806022e259f74dd	0x1270	approveAndCall(address,uint256,bytes)	receiveApproval(address,uint256,address,bytes)
27dc1cb6f91e1a3f10c8a0f97f5b3e30	0xfde	approveAndCall(address,uint256,bytes)	receiveApproval(address,uint256,address,bytes)
28a88ec3be1d55b324971a19a4e1727e	0x19bc	approveAndCall(address,uint256,bytes)	receiveApproval(address,uint256,address,bytes)
28ede80f6e4374f7a7d1edd206c13c0d	0xa1b	approveAndCall(address,uint256,bytes)	receiveApproval(address,uint256,address,bytes)
2900ca2fca33fde599e196b1af0c927e	0x1346	approveAndCall(address,uint256,bytes)	receiveApproval(address,uint256,address,bytes)
297e2c55043fd116dfa23c08aabdeba2	0xdc5	approveAndCall(address,uint256,bytes)	receiveApproval(address,uint256,address,bytes)
29a0e523c2d817c50246bc276e23fe7e	0x19bc	approveAndCall(address,uint256,bytes)	receiveApproval(address,uint256,address,bytes)
2a18e30684ddf108d6287dc3847f681d	0xf24	approveAndCall(address,uint256,bytes)	receiveApproval(address,uint256,address,bytes)
2a4e526546e6de298c348593deafcfca	0xfc5	addFundsWithPermit(uint256,address,uint256,uint256,uint8,bytes32,bytes32)	permit(address,address,uint256,uint256,uint8,bytes32,bytes32)
2a58960e32a5a24421544c9a1459f4cf	0xd70	approveAndCall(address,uint256,bytes)	receiveApproval(address,uint256,address,bytes)
2b7adcd5b71e02ee9ed81aee2cdddc21	0x5ad	startAuction(uint256,uint256,uint256,uint64)	transferFrom(address,address,uint256)
2b910bfd42ccc7760148c11e249eb2c4	0x8b10xbc	0x62f5c802	approve(address,uint256)
2c2028cd9c880c212277eb34a54f2ef3	0xf16	claimTokens(address,uint256)	claimTokens(address,uint256)
2c238808460be5b86f83bbcafd67c43e	0x3d3	0x6e918b2c	swapExactETHForTokens(address,uint256,uint256,address,address,uint256)
2c7df8bb56a808e5a1fa4a4ac1b2bfb7	0x1ba70xa69	registerWithConfig(string,address,uint256,bytes32,address,address)	setResolver(bytes32,address)
2d202e16679248e129e131bc33b2d2cd	0x783	0xe396f48b	transferFrom(address,address,uint256)
2da597ffd82fe1706ccaaef01759fd38	0x1562	0x16a80711	stake(bytes32)
2ea662431096742defdcacad3252d5cb	0xd08	approve(address,uint256)	approveByLegacy(address,address,uint256)
2fc6a1e72e0e8fbb17672dcc0ea43c38	0xaa7	balanceOf(address)	balanceOf(address)
2fe11b3291babb559616389bc34a3076	0x5b9	depositToken(address,uint256,uint256)	transferFrom(address,address,uint256)
3024a99506f4c7c6a072dd36e4a68f16	0x1b51	claimComp(address[],address[],bool,bool)	claimComp(address[],address[],bool,bool)
30295b905da986ff806f91ca3a4dffe2	0x32d	migrate(address)	transfer(address,uint256)
304fdc4506e117fc5379a69ba1f0e8cf	0x987	approveAndCall(address,uint256,bytes)	receiveApproval(address,uint256,address,bytes)
30d4aeb6c0ce85b4eb7a98fd0aa6f6b7	0x5163	depositToken(address,uint256,string,string)	transferFrom(address,address,uint256)
3125f18116155d3798420e5a3b0892a4	0x19bc	approveAndCall(address,uint256,bytes)	receiveApproval(address,uint256,address,bytes)
315e34d837f70612d16104b395b844b6	0x2e20xbc	subscribe(uint128,uint128,uint128,uint128,bool)	subscribe(uint128,uint128,uint128,uint128,bool)
31663f9c6265cde296784ee9c1a0efbe	0x8f5	transfer(address,uint256)	nodeCount(address,address)
3168331b80095fc3ccab12e0c7e939ce	0x3d3	0x6e918b2c	swapExactETHForTokens(address,uint256,uint256,address,address,uint256)
323f52facda4430eb06806349a66af8a	0xfde	approveAndCall(address,uint256,bytes)	receiveApproval(address,uint256,address,bytes)
32564df5cd559313a87d7cedf17f30d6	0xbcb	0xd5f5e2a6	swapExactTokensForTokens(uint256,uint256,address[],address,uint256)
32c63b298c9dde6ec91b1bb1ff6437a4	0x362	swap(address,address,uint256,uint256)	convertByPath(address[],uint256,uint256,address,address,uint256)
32feeeb267bf166f96f7b6a745de6a83	0xa08	approveAndCall(address,uint256,bytes)	receiveApproval(address,uint256,address,bytes)
3355df044a6427ed7e4fc78610f0f6ce	0x16f1	approveAndCall(address,uint256,bytes)	receiveApproval(address,uint256,address,bytes)
34317de1a18bede1cf1a2985e8acbacb	0x197e	transferFromAndCall(address,address,uint256,bytes)	onTransferReceived(address,address,uint256,bytes)
3438e9ff19806e963f7a20892e7f0fef	0x4bb	createOrder(address,uint256,uint256,uint256,uint256,bool)	init(address,uint256,uint256,uint256,uint256,bool,address,address,address,address,address,address)
35118cfa43414d410ea7e0dbfee5e24a	0x1161	transfer(address,uint256)	calculateAmountsAfterFee(address,address,uint256)
359b21fab650b4e8036fe3c11157223f	0xfde	approveAndCall(address,uint256,bytes)	receiveApproval(address,uint256,address,bytes)
35c3ddddd51562c53e4f9f4ced1c6268	0x1ea	saveViaUniswapETH(uint256,address[],uint256,bool)	swapExactETHForTokens(uint256,address[],address,uint256)
360ccb184549463866c29aae22d20be2	0xfa4	STAKE(uint256)	transferFrom(address,address,uint256)
364538a2c4c922c19e2e1a592a235fe6	0xb5f	deploy(uint256,address,address,bytes)	initialize(address,address,bytes)
368684ef69efff0ba4c85353092ec1e2	0x1b3c0x1c75	0x3ffc203a	setAddress(bytes32,address)
369956812ccec0f29ca58fd69642d2c0	0x848	approveAndCall(address,uint256,bytes)	receiveApproval(address,uint256,address,bytes)
371544445827bd9cc0aa27ec476c7baa	0x2beb	transferFromAndCall(address,address,uint256)	onTransferReceived(address,address,uint256,bytes)
375622dac9ea4ffb383adc3a83b82e17	0xed7	approveAndCall(address,uint256,bytes)	receiveApproval(address,uint256,address,bytes)
376527e24b1c3d7b8b94d9dcd3be8db2	0xfdb	0x892a7ef4	swapETHForExactTokens(uint256,address[],address,uint256)
377bb812b4e8793cfbd9c26b7df9acaa	0x1229	deploySigned(uint256,address,address,bytes,bytes)	initialize(address,address,bytes)
382224f784b812551b107b579a8b62df	0x1728	AddLiquidity(address,address,address,uint256,uint256,address,address,bytes)	joinswapExternAmountIn(address,uint256,uint256)
38d8d1c4ed3c9d72ff7062e723c20876	0x19cb	0xf79b36ad	setAddress(bytes32,address)
392c3d279d77c823982229bcc697715c	0x4ed	join(address,uint256)	slip(bytes32,address,int256)
395cfcc16ee2547f25f80e0bd93768fd	0xf68	withdrawFromPool(address,uint256)	withdraw(address,uint256)
39e4557791ef10fb4e732269785c6a72	0x266	disperseTokenSimple(address,address[],uint256[])	transferFrom(address,address,uint256)
3a4e97123d6ed275d9332012b436af30	0x360	swap(address,address,uint256,uint256)	convertByPath(address[],uint256,uint256,address,address,uint256)
3a7c031c6d9f20f9b1001b575dc0dff7	0xabb	approveAndCall(address,uint256,bytes)	receiveApproval(address,uint256,address,bytes)
3a8c7f44d735e736bc1da9d9517d4b9d	0x1331	approveAndCall(address,uint256,bytes)	receiveApproval(address,uint256,address,bytes)
3a8dc64682367367e52489bcd1bc2395	0x1e3f	transfer(address,uint256)	tokensToSend(address,address,address,uint256,bytes,bytes)
3b061f3a379917ce195a3767581523c5	0x10cb	0x729c75a6	getConverterPurchasesStats(address)
3b1275d7acc424abaec869982e1ed08e	0xed6	burnDeposit(uint256,uint256)	transferFrom(address,address,uint256)
3b164efdc560dea98fb774f2b20ea83c	0x2bd	0x12f02752	transferFrom(address,address,uint256)
3b3c9476c928795603e29416ecb6aeaf	0x380	0xdae8e5bb	swap(address,address,uint256,uint256,uint256[],uint256)
3b4d185b5a78af643fda1325ab944b62	0xfca	0xacad36fb	consult(address,uint256)
3bca268212bcc922024dc48720afb1f2	0x229	0x2afaca20	swapExactETHForTokens(uint256,address[],address,uint256)
3c32f53ffe0eb1674a84aed6565d7027	0x1f40	setDebtAuctionBidDuration(address,uint256)	file(bytes32,uint256)
3cb2714b956f25399a6143a4d2790325	0x12ca	approveAndCall(address,uint256,bytes)	receiveApproval(address,uint256,address,bytes)
3d0b41757df0ee26edb727275252366b	0x24a	0xfc8c614b	swapExactTokensForTokens(uint256,uint256,address[],address,uint256)
3d451689513632e36db840759fb9a2e5	0x268a	0x9f48af97	transferFrom(address,address,uint256)
3d5a7106cf85a1bc1971b1b6a465bdf7	0x1054	approveAndCall(address,uint256,bytes)	receiveApproval(address,uint256,address,bytes)
3d78fdf4b4a104116cc9b0928378c9f2	0xf5e	convertEthToCRT(uint256)	swapETHForExactTokens(uint256,address[],address,uint256)
3da4959bb6caf689a4469db2984634f4	0xfde	approveAndCall(address,uint256,bytes)	receiveApproval(address,uint256,address,bytes)
3e0c6b540226ff27bd5ccb668a4f6db8	0x12d2	approveAndCall(address,uint256,bytes)	receiveApproval(address,uint256,address,bytes)
3e718daf579e0918bf6ef09ad56dd495	0xfde	approveAndCall(address,uint256,bytes)	receiveApproval(address,uint256,address,bytes)
3ec22babc9259216163f73a6e8456a31	0x3317	approveAndCall(address,uint256,bytes)	receiveApproval(address,uint256,address,bytes)
3f668f8107b2729dd2c40826f3e80be6	0x25a0	bid(uint256,uint256)	safeTransferFrom(address,address,uint256)
3fa1601c75728581ad435a05fce2b72c	0xd70	approveAndCall(address,uint256,bytes)	receiveApproval(address,uint256,address,bytes)
3fcf583fac4139308e4e94d1af5fecb9	0x4a7	upgrade(uint256)	upgrade(uint256)
3fffbbc887076a43b7a06bdf29407ddd	0x4c0	createPool(address)	initialize(address)
40527334eb0ebbd9afd1ddd6173b17f9	0xda5	0x39e61da3	approve(address,uint256)
406b9c19d3448bb2be83ad2c29654524	0xd0b	approveAndCall(address,uint256,bytes)	receiveApproval(address,uint256,address,bytes)
41341b90e511bea7d6fd96b61eff2cd9	0x12ec	vote(uint256,bool)	burn(address,uint256)
41680041e152dd4f2b0458bb71233fee	0x176	balanceOf(address)	balanceOf(address)
41ec76ff856762bdd47bbc8cee3117fd	0x1346	approveAndCall(address,uint256,bytes)	receiveApproval(address,uint256,address,bytes)
424f1e12c9308658e2eceba2226c7467	0xfde	approveAndCall(address,uint256,bytes)	receiveApproval(address,uint256,address,bytes)
42fa32d7733d64f860f7a94de09b538f	0x69f	0xc3c50f33	transfer(address,uint256)
43dc956204f00cb633385fcaf740ae2b	0x660	fallback()	transfer(address,uint256)
43fe82031c42d481e83bbcc04bc82bc9	0x19f	deposit(address,uint256)	depositToken(address,uint256,uint256)
441a14fd57b59e604070b78e852ef81a	0xfde	approveAndCall(address,uint256,bytes)	receiveApproval(address,uint256,address,bytes)
441e813f25bc4091a0c7e2d584bacd69	0x1a81	claimComp(address[],address[],bool,bool)	claimComp(address[],address[],bool,bool)
443c69284a6fcb905ed5cad316ac4e95	0x1176	0x692d295d	getUnderlyingPrice(address)
446022313893c3725b70fd75c940a849	0x1153	claim(uint256)	ownerOf(uint256)
4557b77be7bf131919cfb5ed6a9051ce	0x1903	approveAndCall(address,uint256,bytes)	receiveApproval(address,uint256,address,bytes)
45645fea410dbc11833e310312e5b756	0x881	transferFrom(address,address,uint256)	upTransferFrom_(address,address,address,uint256)
46200305bb835a4a0dfaf9524af99219	0x8ec	0x2a0f38ac	transferFrom(address,address,uint256)
464614d674dd331d213b5ad5a9519666	0xd08	approve(address,uint256)	approveByLegacy(address,address,uint256)
46f10c1183fce876b845a6ee9ea1cbba	0xecf	approveStake(uint8,uint256)	createStake(address,uint8,uint256)
4715e9db67b164e1a3a3a7715f6861f1	0xd70	approveAndCall(address,uint256,bytes)	receiveApproval(address,uint256,address,bytes)
47274a19224dd650781c6b1e3d1142e4	0x26d2	0x3fa9c18d	setUint(bytes32,uint256)
472b70269839b51f612139bc91014db6	0xb4e0x1ac	0x65a6c122	approve(address,uint256)
4764095c155042522b0d2d9765881bf0	0x11bd	approveAndCall(address,uint256,bytes)	receiveApproval(address,uint256,address,bytes)
476895d30831aa2010c61bac080ce1db	0x7bd	approveAndCall(address,uint256,bytes)	receiveApproval(address,uint256,address,bytes)
47dd27ac37fc046b57e1961ba088ad58	0x2e0	0x1582173	transferFrom(address,address,uint256)
4919420e6ab53eac555aac306ed3e482	0x1114	0xbecabbe3	deposit(bytes,bytes,bytes,bytes32)
493d524aea903ae46406ed8ddb771fb6	0x12c	start(address,address)	execute(address)
495dd81a675e8992da2796841759739c	0xd41	0x6a4c3805	transfer(address,uint256)
4998146a44dc2fbf009c1f3ce3c51174	0x1b90	claimFor(address)	transfer(address,uint256)
4a91e6c966ea8be2798484bec5d851b6	0xd70	approveAndCall(address,uint256,bytes)	receiveApproval(address,uint256,address,bytes)
4ad3fadf8997927e420a6d634396fb26	0x413	0x3fa57231	initReserve(address,address,address,uint8,address)
4b15e5b7899c93dce0c42cc561978ca1	0xf16	claimTokens(address,uint256)	claimTokens(address,uint256)
4b1f34e1be3376fec7fceedc2b887d0e	0x1562	0x16a80711	stake(bytes32)
4b4bc6576def0d8331d3215e6624473d	0x12fb	approveAndCall(address,uint256,bytes)	receiveApproval(address,uint256,address,bytes)
4ba175b1e7bf9227961959510c72a5fe	0x58d	0x12e5d9e1	swapExactTokensForTokens(uint256,uint256,address[],address,uint256)
4be4548ea873ed4b93549f0a6549a2d7	0xb36	balanceOf(address)	balanceOf(address)
4d0223efc5c4fd862e646424d7d940f9	0x795	outputRawAndGetBalance(address,uint256)	transfer(address,uint256)
4d1d2bae9ba7baba6313bcc491b98e1b	0x291b	deposit(uint256,uint256)	transfer(address,uint256)
4d46a26b09439f055bea8fcb4cfa71a2	0x69c0x49e	pokeFromReporter(uint256,string[],bytes)	reward(uint256,uint256,uint256,bytes)
4d6aae635912d4091b6165a86da17692	0x11e5	transfer(address,uint256)	queryFee(address,address,uint256)
4d93f426a51763422f805bb080b384e5	0x126a	approveAndCall(address,uint256,bytes)	receiveApproval(address,uint256,address,bytes)
4d9ba7a600a4d5f2fb217a8cedfdb357	0x3833	setBurnEnabled(bool)	setBool(bytes32,bool)
4dde63eccb4b5016fd5bcf3eddf0a5c5	0x14ff	approveAndCall(address,uint256,bytes)	receiveApproval(address,uint256,address,bytes)
4e31c177a4fd0292330e12219afc96f1	0x1346	approveAndCall(address,uint256,bytes)	receiveApproval(address,uint256,address,bytes)
4e412ae0cedb9c484ac7f9f9b3b60dbd	0x8e8	bet(address)	transferFrom(address,address,uint256)
4f8a3354a3ee652058bc97bdba12a9f4	0xfde	approveAndCall(address,uint256,bytes)	receiveApproval(address,uint256,address,bytes)
4fb3d2098dc099d4bb102b649f0c41ac	0x2b89	transfer(address,uint256)	tokensToSend(address,address,address,uint256,bytes,bytes)
50da4f2b81608f3cb79024c0229ff8df	0xdc5	approveAndCall(address,uint256,bytes)	receiveApproval(address,uint256,address,bytes)
515f756a2528c485badcfee71d675d19	0xa17	approve(address,uint256)	approveByLegacy(address,address,uint256)
526c24a189c7333739a0f9aaf982ac36	0x830	0xf091d458	transfer(address,uint256)
52afdf16fa107e9c99df34fe52192ed7	0xfde	approveAndCall(address,uint256,bytes)	receiveApproval(address,uint256,address,bytes)
52cb9d82d8616702b652183f8995ccab	0xd1c	0x4e337c72	deposit(bytes,bytes,bytes,bytes32)
5314de7c9a8283fa199ab3de3e28fd50	0x4ed	join(address,uint256)	slip(bytes32,address,int256)
53150cd7d93d1d827e97119fc40c29ed	0x7dd	executeOperation(address,uint256,uint256,bytes)	repayBorrowBehalf(address,uint256)
535840f721a42eed432cb5d1b67f4079	0x1e11	0xc048a54c	addRewardPool(address,address,address,uint256,uint256,uint256,uint256,uint256,uint256)
537773f1c53391cb151997af08b81c06	0x266d	getConversionRate(address,address,uint256,uint256)	getRate(address,uint256,bool,uint256)
5382873d956d246f4e7aaac82219baae	0xdda	approveAndCall(address,uint256,bytes)	receiveApproval(address,uint256,address,bytes)
5398243374294f437b953d0e48a4464c	0x1142	transfer(address,uint256)	queryFee(address,address,uint256)
546849fae6b86608c62f3487780fa191	0xfde	approveAndCall(address,uint256,bytes)	receiveApproval(address,uint256,address,bytes)
5490a35d5706875bc2bb15a1c4aeffce	0xac3	uniswapV2Call(address,uint256,uint256,bytes)	swapExactAmountIn(address,uint256,address,uint256,uint256)
54a3cda9474fc9a08a5f4aa0ed194f59	0x137d	depositeFod(uint256,uint256)	transferFrom(address,address,uint256)
54fd1443c92c6e94a18e23902fc81a2f	0xc7a0x118	0x95d75555	withdraw(address,address,address,uint256,bytes)
5500eab16f8c07ed2440ee3de54c75a7	0xcc	0xc0da8334	purchaseTo(address,uint256)
556056797eff37239ee6bc78cb9cc158	0xe85	approveAndCall(address,uint256,bytes)	receiveApproval(address,uint256,address,bytes)
5563edefafd940a273db01905a5e8f79	0xbed	approveAndCall(address,uint256,bytes)	receiveApproval(address,uint256,address,bytes)
55834842d7eea29c061354215ce68f64	0x1728	claimBack(uint256)	transferFrom(address,address,uint256)
55f81a529f0d7c467faf58a3adaa6883	0x2960x3b	0xa5bf381	permit(address,address,uint256,uint256,uint8,bytes32,bytes32)
5604f2232b30799d993c3837a9501865	0xb5c	0x6ce15ba8	transferFrom(address,address,uint256)
568e730c021e1ad187bf4990ac33e92a	0xda9	depositAll(address)	borrow(address,uint256,uint256,uint16,address)
56a4f62ab3bce35fbb6b4cb8d1286b37	0x355	swap(address,address,uint256,uint256)	convertByPath(address[],uint256,uint256,address,address,uint256)
56b695e74328affce820ef3eaf554c73	0x10c3	0xf79b36ad	setAddress(bytes32,address)
56fe35a6ff8bb9fd339ec9d3c038d075	0xabb	approveAndCall(address,uint256,bytes)	receiveApproval(address,uint256,address,bytes)
570709ca09f455e95c5b09970c0df4b9	0x7be0x75e	CalcTotal(address)	stakeOf(address)
5786a9cf14df845d12f60201704883af	0xe87	0x6979fea5	transferFrom(address,address,uint256)
582bf01a2f6dad3ccba1df08b3e44b38	0x19de	transferFromAndCall(address,address,uint256,bytes)	onTransferReceived(address,address,uint256,bytes)
585badb88e74f6c4be2d361ae50b4513	0xfde	approveAndCall(address,uint256,bytes)	receiveApproval(address,uint256,address,bytes)
58807b82969e220de495cb14618255f2	0x1212	transfer(address,uint256)	calculateAmountsAfterFee(address,address,uint256)
58898ccc3888cf31d4a5d24e1a593f3c	0x1500	0x16a80711	stake(bytes32)
58f3fd1ca6bf87756fd16190415eee85	0xa9	take(address,uint256)	transfer(address,uint256)
59a848f6bd9e5dc2806152d4e925396f	0x799	transferERC20(address,address,uint256,uint256)	transferFrom(address,address,uint256)
59ffb2a3c8159cd4e77df29e1ac640ce	0x1235	transfer(address,uint256)	queryFee(address,address,uint256)
5a01db9e200ed4fb55ea06e5df7a4502	0xa7b	0x1e5ef82f	swapExactETHForTokens(uint256,address[],address,uint256)
5a3eec915716ef4bd1e9af371a9aa66a	0x1025	requestFailedMessageFix(bytes32)	messageCallStatus(bytes32)
5a948beffff560bfa7315dbc0df57452	0xc10	placeBet(uint256,uint256,uint256,uint256,bytes32,bytes32)	fallback()
5b598915427cf86093cb19ef0c1f18cb	0x15e0	addUpdateTradingPair(address,address)	addPP(address,address)
5b5aa375d812ba732acefad1f04d227e	0xfde	approveAndCall(address,uint256,bytes)	receiveApproval(address,uint256,address,bytes)
5b60ead2bdb476c4c45a8970bf03b0d8	0x1331	approveAndCall(address,uint256,bytes)	receiveApproval(address,uint256,address,bytes)
5c49788d6f244f724b1cfe87a9bd514e	0x125f	approveAndCall(address,uint256,bytes)	receiveApproval(address,uint256,address,bytes)
5c5c89a019c5ca055d5b3470a5dee134	0xceb	approveAndCall(address,uint256,bytes)	receiveApproval(address,uint256,address,bytes)
5cc9f6b93e6aeb6ba287eb4c1574acf9	0xd70	approveAndCall(address,uint256,bytes)	receiveApproval(address,uint256,address,bytes)
5cd89756ae9ca7a61321b5986b5f80ec	0xf24	approveAndCall(address,uint256,bytes)	receiveApproval(address,uint256,address,bytes)
5d58f9163130ee4e5b18cf2824679808	0xe46	0x3c0b2527	smartSwapExactOut(address,address,uint256,uint256,uint256)
5da47b84f1e163ae389b75d9b447c5b8	0x926	flipMask(uint256)	ownerOf(uint256)
5e271faa326227ab448f2e8e7d97679c	0xdc5	approveAndCall(address,uint256,bytes)	receiveApproval(address,uint256,address,bytes)
5e37b5f163d2dd52ecce0a997359cfe9	0x5ec	reset(address,uint256,uint256,uint256,uint256,uint256,uint256,uint256)	reset(address,uint256,uint256,uint256,uint256,uint256,uint256,uint256)
5e9d808bab4b09ebef9e919939905dde	0x1976	0x297bf1a5	transfer(address,uint256)
5f22d3948b53147070d7dc9a8aa486c0	0xb32	0xfba2686b	approve(address,uint256)
5f39d43b01c805a8ca63032ded473f32	0x1826	0xc6fbae5e	setBool(bytes32,bool)
5f549e7a6de39f942a00a3e08ff38ffb	0x22e9	withdrawToVault(uint256)	withdraw(uint256,uint256)
5f8189162ed063438cb6370af330faf6	0xc530xd3	set(uint256,string,string)	sync(uint256,uint256)
5fadda50fa9a8c92f259b95d190a4d29	0x2c7d	callBid(address,uint112)	lockUserLP(address,bool)
5fb02ea9f174f4c0ccf18add2e947cf6	0x264a	approveAndCall(address,uint256,bytes)	receiveApproval(address,uint256,address,bytes)
5fe44b49df0851ecee4f37a4dc47c86e	0x9b9	0xae0c6e2	withdraw(uint256)
5fedab8ed54a5c2aac9d7752359494af	0x175d0x3d3	0x6f2ce315	swapExactETHForTokens(uint256,address[],address,uint256)
601d5efa9ba2aa2e38c44242dde33ccf	0x5ca	0x245ac2a7	safeTransferFrom(address,address,uint256,uint256,bytes)
606ba043af0ae543dc71f31498bf49dd	0xc530xd3	set(uint256,string,string)	sync(uint256,uint256)
6097b374d16ecc5737d1932ee1de2927	0xfca	0xacad36fb	consult(address,uint256)
6106dd6380842dda9c6f992a888122f6	0x18f9	requestFailedMessageFix(bytes32)	messageCallStatus(bytes32)
612cd1da00325a190f3407e06c89a8fe	0x1346	approveAndCall(address,uint256,bytes)	receiveApproval(address,uint256,address,bytes)
6140a9c88565738d4902ef328baed0d9	0x12b3	buyWithETH(uint256,uint256,bytes)	swapExactETHForTokens(uint256,address[],address,uint256)
62253ce6099c55f60a2c41e9098faa69	0xcdf	depositAll(address)	borrow(address,uint256,uint256,uint16,address)
628a71955e3b89457b7c035979fedf35	0xcc4	getTokenBalance(address,address)	balanceOf(address)
62dbbfd8c1a849c126210a19f91c3ea9	0x1142	transfer(address,uint256)	queryFee(address,address,uint256)
63a723b0479f36473655d17c3d18163c	0x2663	0xfcc0208b	flashLoan(address,address,uint256,bytes)
63e46a035e517a9d88f0748fee3b4818	0x10d2	transfer(address,uint256)	queryFee(address,address,uint256)
6462842aba7e4ca344684cd7921c42f3	0x36e	withdraw(bytes,uint256,address)	withdraw(uint256,uint256)
64aded49cae85fbae055b1e1c1a46669	0x58b	receiveApproval(address,uint256,address,bytes)	transferFrom(address,address,uint256)
64c433a875f7a01e771d0bb79cdd483f	0xef8	0x312450b3	safeTransferFrom(address,address,uint256)
65011be5d0ab207114ec2828fd5acdd2	0x9de	swap(address,uint256,address,uint256)	burn(uint256)
650d90d05d5a689d906fdaabbf29fcd4	0x19bc	approveAndCall(address,uint256,bytes)	receiveApproval(address,uint256,address,bytes)
6584205525feae8e7dbbbc5dcc0342dd	0x10d80x60c	0x75af6456	mint(address,uint256)
66d5c06b1a88d96ec972a1f05b0d3fb1	0x1bf8	openShortPosition(address,uint256,uint256,uint256)	getMaxLeverage(address)
6731f4adad6123ed8821e8c22754e28a	0xd45	approveAndCall(address,uint256,bytes)	receiveApproval(address,uint256,address,bytes)
67ab7bac30552260d8c676036c5640cf	0xd6e	reserveFor(uint256,uint256,address)	setReferrer(address,address)
67dc9982dd0ce4c0c47a68848c9551f6	0x13ca	approveAndCall(address,uint256,bytes)	receiveApproval(address,uint256,address,bytes)
67deacde139bc35acf12872cc6cabd33	0x1c54	0xcca7f475	notifyFee(address,uint256)
680bcbddf4dcba7c34a77ca47da485c2	0xfde	approveAndCall(address,uint256,bytes)	receiveApproval(address,uint256,address,bytes)
685b3c3e297310367bd9923c2dad1d3c	0x83f0x6bf	sellQuote(address,address)	approve(address,uint256)
68643cae5c6ead193c0d02bbd96aae5c	0xfde	approveAndCall(address,uint256,bytes)	receiveApproval(address,uint256,address,bytes)
6926075f0548914b497a418c2b8cec30	0xce7	0x16a80711	stake(bytes32)
69978855a447427b60bd92cf3c55a096	0x8790xbc	0x62f5c802	approve(address,uint256)
69d76ae255e83064cee77395bf88c845	0x1562	0x16a80711	stake(bytes32)
6a60b1041fc49e1890225404bd5ba790	0xa17	approve(address,uint256)	approveByLegacy(address,address,uint256)
6aabca098007a50a86e544fba8ac0e6d	0x837	approveERC20(address,address,uint256)	approve(address,uint256)
6ab00bad56d3045c8beae604f8171026	0x25c2	bid(uint256,uint256)	safeTransferFrom(address,address,uint256)
6af7f95d180c839979deb443f2595043	0x9d	0xde05b865	transferFrom(address,address,uint256)
6b0a768e8b5cae9c64fbab55a8406b11	0x13d	0x2cd0c587	swapExactAmountIn(address,uint256,address,uint256,uint256)
6b2a4c84185ad40a5a59a0e6ff8a8dd5	0x1190x39	repayBehalfExplicit(address,address)	borrowBalanceCurrent(address)
6b731b21d4f4b6e750f0f06f1b6ce375	0xce5	approveAndCall(address,uint256,bytes)	receiveApproval(address,uint256,address,bytes)
6c1f06ef6f0d08050684d3f562837130	0x12d6	approveAndCall(address,uint256,bytes)	receiveApproval(address,uint256,address,bytes)
6c57bbed4bef98047cbf66ccc9c72b12	0x125f	approveAndCall(address,uint256,bytes)	receiveApproval(address,uint256,address,bytes)
6c80acdb926d32586e2048d8b7a59c89	0xf24	approveAndCall(address,uint256,bytes)	receiveApproval(address,uint256,address,bytes)
6d93df17d3f9101b496b9f42d161e352	0x2c69	buyNbuForExactTokens(address,uint256,address)	stakeFor(uint256,address)
6e0fa3dbfefa43e274f02f62bfc6a2b1	0x2a05	0x8b9d683b	swapExactETHForTokensSupportingFeeOnTransferTokens(uint256,address[],address,uint256)
6e18146dfaf9e8a3a5b8d10662680a4a	0xd1d	approve(address,uint256)	approveByLegacy(address,address,uint256)
6e9ad38ac1ab2dc07a15070a0058d98f	0x1482	unlock(address)	transfer(address,uint256)
6f85bfb0ad28e8df8f0d1185af84ee04	0x47e	uniswapV2Call(address,uint256,uint256,bytes)	transfer(address,uint256)
6fa93b9304ce71fb4beef7a674d8bb65	0x489	claim()	transfer(address,uint256)
6fdcd91f5c0e24e090fd0c847501d630	0x1dcb	approveAndCall(address,uint256,bytes)	receiveApproval(address,uint256,address,bytes)
7056f4dab1b0d2c0fcb3d0a1a27fd7ba	0x1d08	fallback()	mint(address,uint256)
70aeafc9e3fc199d001768bd3baa0e8e	0xfa4	STAKE(uint256)	transferFrom(address,address,uint256)
712d650736c471fe5ff53f761329aae7	0x14cb	approveAndCall(address,uint256,bytes)	receiveApproval(address,uint256,address,bytes)
7183fdf43e45fccf2ce6b6372a32fcfc	0xcd6	approveAndCall(address,uint256,bytes)	receiveApproval(address,uint256,address,bytes)
71bafa458d7c723f62ff3dd9e8ac8f4c	0xecb	approveAndCall(address,uint256,bytes)	receiveApproval(address,uint256,address,bytes)
720cdfc96925cb6f5f953b5ab3eb4d04	0x942	0x4d559317	swapExactTokensForTokens(uint256,uint256,address[],address,uint256)
72186e6fc20051ced6150eac98511c99	0xfd9	convert(address,uint256)	mint(address,uint256,uint256)
724771cda3c37de5d583c8132be761fb	0x1d1a	transfer(address,uint256)	tokensToSend(address,address,address,uint256,bytes,bytes)
725379fcc7c5883ea1d3c3a894a804af	0x810	0x5bb98f79	swapExactETHForTokens(uint256,address[],address,uint256)
72862100d65aca63cc48607d913abe69	0x65c	0xf1d40f83	transferFrom(address,address,uint256)
72a09981eeeb712382e38753c0c3cae7	0x9e8	approveAndCall(address,uint256,bytes)	receiveApproval(address,uint256,address,bytes)
7446a802643d3fce314fc9e66ee98965	0x1346	approveAndCall(address,uint256,bytes)	receiveApproval(address,uint256,address,bytes)
7450f84c82ab3c8f5a5c1229e909a6cd	0x7df	ethToToken(uint256,address,uint256,uint256)	swapExactETHForTokens(uint256,address[],address,uint256)
74735f648cc988985b44a6e779a63f2c	0x123a	BecomeStarAngel(uint256)	BecomeStarAngel(address,uint256,uint256)
749e5d470ebdf21427ea9dbb817fd380	0x1337	depositeFod(uint256,uint256)	transferFrom(address,address,uint256)
74d629e74765e9ff14b53c78ea4dd87c	0x494	uniswapV2Call(address,uint256,uint256,bytes)	transfer(address,uint256)
750f61d1b13855870449726e846baed6	0xb780x416	receiveAEthFrom(address,uint256)	transferFrom(address,address,uint256)
75c87f71be9a9f48c9b0aaaef0434d1e	0x1562	0x16a80711	stake(bytes32)
75f626d54cdcb9418815fac338569063	0x9ed	redeem(uint256)	mint(address,uint256,uint256,bytes)
760acb984fd0cbdaaa04d1092004bd3e	0x9c8	approveAndCall(address,uint256,bytes)	receiveApproval(address,uint256,address,bytes)
760f30a4a8f43de8d7a2f9b48ad8fcea	0xe9	depositIncentives(address,uint256)	transferTo(address,uint256)
768168c3ef81e65aa012a68080700bc1	0xdca	approveAndCall(address,uint256,bytes)	receiveApproval(address,uint256,address,bytes)
76f8c732415e6debfc74b4ca8e9ee394	0x1220x39	repayBehalfExplicit(address,address)	borrowBalanceCurrent(address)
774c7bf97e612883b48a6e2b2e6eae4c	0xa53	approveAndCall(address,uint256,bytes)	receiveApproval(address,uint256,address,bytes)
77c1c2a36db83c719b951cc84795a0f0	0x1562	0x16a80711	stake(bytes32)
78396e545836073c0e5fe0a748c691e5	0x3f3b	0xfce0b831	mint(address,uint256)
78525b084197670178a8d40804a1518d	0xb5c	0x6ce15ba8	transferFrom(address,address,uint256)
7868f2a4d9fbdba6ca5b0c5a6c839cfb	0x89b	harvest(address)	mint(address)
7896b24559618572954e4dc518b8beac	0x131f	approveAndCall(address,uint256,bytes)	receiveApproval(address,uint256,address,bytes)
78d0790a9dc431de05389365c9d396d5	0x2529	executeOnFlashMint(uint256,bytes)	repayFYDai(bytes32,uint256,address,address,uint256)
791c0615dc029a2ea68a5f781c0a4fa9	0xf40x3b	sellQuote(address,address)	sellQuote(address)
796bae99128ee2badd9225480a9b0632	0x1562	0x16a80711	stake(bytes32)
7974ff97388df5cf61ab54a74b17e75c	0xa9e0x81a	fallback()	transfer(address,uint256)
79c74983ecff548e00a293bab67eafff	0xe2e	0xcdadda47	swapExactETHForTokensSupportingFeeOnTransferTokens(uint256,address[],address,uint256)
79e28dc3cf3efba1b0b1d1f38589ff4d	0xe40	approveAndCall(address,uint256,bytes)	receiveApproval(address,uint256,address,bytes)
79eb8b67cb71c058f32b6740d55c7320	0xa53	approveAndCall(address,uint256,bytes)	receiveApproval(address,uint256,address,bytes)
7a49b6431eb977f5a5dc67c8b40a0497	0xa54	approveAndCall(address,uint256,bytes)	receiveApproval(address,uint256,address,bytes)
7a6bf30edbddf4691deef60bb6482fc1	0xd12	earn(address,uint256)	transfer(address,uint256)
7aca752050c2f7455855aebef6598338	0x85f	0xc3c50f33	transfer(address,uint256)
7aea9304047e3b53c763f8a28174ea5b	0xd47	approve(address,uint256)	onApprove(address,address,uint256)
7afd7b42d3b8601f3d58897860f23170	0x3b7	0xde3dffee	transferFrom(address,address,uint256)
7b3f26b884ecaadba7e322e1d781aa3c	0xebe	isClaimable(address)	isInWhiteList(address)
7b9d66cf94353b7294288e0305381d15	0x7a1	0xe396f48b	transferFrom(address,address,uint256)
7c0c5beaf8eff44d0148e261580fbbeb	0x9d30x190	0x3477ed1d	createPair(address,address,bool)
7c651069c017aebd934bb8fe0429125e	0x7bd	approveAndCall(address,uint256,bytes)	receiveApproval(address,uint256,address,bytes)
7cc7564713a0b8375af2235225f6d816	0x52fa	withdrawAllToVault()	notifyFee(address,uint256)
7ce4d41c058158d7a818a3da2e340f4e	0x101e	0x83506c84	transfer(address,uint256)
7d08babb0b5d643cec0cc327b7acfa59	0xf51	close(uint256)	transferFrom(address,address,uint256)
7d4b817351aeb3d2b300bf621b557e03	0xabb	approveAndCall(address,uint256,bytes)	receiveApproval(address,uint256,address,bytes)
7d542e4fcc89d49b8afbdaa153cd58e0	0x88d0xbc	0x62f5c802	approve(address,uint256)
7e407d3f8997e3379017da1e15490957	0x1346	approveAndCall(address,uint256,bytes)	receiveApproval(address,uint256,address,bytes)
7e6da3fcc3c98ae128287af4c624747b	0x1270	approveAndCall(address,uint256,bytes)	receiveApproval(address,uint256,address,bytes)
7e9834aaff3a0d521c175adcac85b735	0x1331	approveAndCall(address,uint256,bytes)	receiveApproval(address,uint256,address,bytes)
7e9e09ef5b7aa9be87bee1cfffcdbe69	0xd70	approveAndCall(address,uint256,bytes)	receiveApproval(address,uint256,address,bytes)
7ed66593818a770ae27a5bc947510e64	0xd65	approveAndCall(address,uint256,bytes)	receiveApproval(address,uint256,address,bytes)
7edd5d5825808ce1aefdf6f056d7445c	0xdc5	approveAndCall(address,uint256,bytes)	receiveApproval(address,uint256,address,bytes)
7f3332eedc9fec8f66181d4f0f5a1d16	0x124d	provideLiquidityStake(address,address,address,uint256,uint256[2])	transferFrom(address,address,uint256)
7f9f3db05c90bfef1bc16205921c15cb	0x24b8	approveAndCall(address,uint256,bytes)	receiveApproval(address,uint256,address,bytes)
7fae59c21cd969c7fbfa79cfcecfab16	0xdf8	divestFromVault(uint256,bool)	approve(address,uint256)
7fe15ef7cb510827cbc0ed4d515d0f31	0x10ef	approveAndCall(address,uint256,bytes)	receiveApproval(address,uint256,address,bytes)
8041f888974a88d925f8729fcbd7e04e	0x67e	initialize(address,address,address,address,address)	approve(address,uint256)
80978884b4883b561e98234ea320e88f	0x156b0x2b2	0x55a9e121	stake(address,uint256)
809be3c1b9c1e9282d14ff5484fde10c	0x9c8	approveAndCall(address,uint256,bytes)	receiveApproval(address,uint256,address,bytes)
80ddb2d2910fb84cd4cf9fb99fc6ab1f	0x13d	0x2cd0c587	swapExactAmountIn(address,uint256,address,uint256,uint256)
8165da777409cecb90223e4288092ac8	0x4f9	0x73d930c0	approve(address,uint256)
8195ed0c955143b0457c3610dfe048b9	0xbce0x252	0x68d66066	approve(address,uint256)
8209b89121364e2c0ae8db5900f53c84	0x9b6	approveAndCall(address,uint256,bytes)	receiveApproval(address,uint256,address,bytes)
827e5fd81008ba9eceb869aaff4caacc	0xd07	0x16a80711	stake(bytes32)
8310c81304fdc41b555a3fa02dcf226d	0x47f	claim(address,uint256,uint256,bytes)	claim(address,uint256,uint256,bytes)
8395491fc64ca43f5b73704e7db558a2	0xce5	approveAndCall(address,uint256,bytes)	receiveApproval(address,uint256,address,bytes)
83e10e48c937e4a2fbed1f9e3b006ed1	0xfde	approveAndCall(address,uint256,bytes)	receiveApproval(address,uint256,address,bytes)
8565f5a61a0e8c25e62198494bdda95f	0x1bf80x1d31	0x3ffc203a	setAddress(bytes32,address)
85a9dabb7ce7409803c74be6b39d291a	0x28990x27a4	publicSaleTransferLock(address,uint256)	_forwardTransferFromWithReference(address,address,uint256,string,address)
862c9ce193b63ca3d4debb5b75dd2bdb	0x1346	approveAndCall(address,uint256,bytes)	receiveApproval(address,uint256,address,bytes)
8634ae4918b58b68a96956c4734cafa3	0xf24	approveAndCall(address,uint256,bytes)	receiveApproval(address,uint256,address,bytes)
865868be12869de35f0ea094fd1987ff	0xeea	divestFromVault(uint256,bool)	approve(address,uint256)
86637a39e0863f937cd597ec2e9d005c	0x1044	approveAndCall(address,uint256,bytes)	receiveApproval(address,uint256,address,bytes)
866fe6162e1e7a2f4a5a7bd67b283cad	0xf24	approveAndCall(address,uint256,bytes)	receiveApproval(address,uint256,address,bytes)
86b12444c7fe9a62777be82e5120f425	0x126a	approveAndCall(address,uint256,bytes)	receiveApproval(address,uint256,address,bytes)
877aaf23097574d4eb3334bcfb5cd01d	0x718	approveAndCall(address,uint256,bytes)	receiveApproval(address,uint256,address,bytes)
87b11cd867a6bcda366b1448721024e7	0xabf	addContractBalance(uint256)	transferFrom(address,address,uint256)
87bc76441695ffc793428132345c9966	0x1500	0x16a80711	stake(bytes32)
882effd27039507b4f720b9803538e59	0x14ff	approveAndCall(address,uint256,bytes)	receiveApproval(address,uint256,address,bytes)
883d0bd1a0ccec3af50fef03ed33f6db	0x14f20x2b2	0x55a9e121	stake(address,uint256)
88e18be5947d5edd3f4b2887b6f373da	0xfde	approveAndCall(address,uint256,bytes)	receiveApproval(address,uint256,address,bytes)
8931e3c57252a44fa1486db401aa2009	0xdc5	approveAndCall(address,uint256,bytes)	receiveApproval(address,uint256,address,bytes)
89417c7a75758005d5e510afc1ed0085	0x5c10x8e	swap_curve(address,address,uint256)	ZapOut(address,address,uint256,address,uint256)
89af56305c811c7de32dde3cb5fa83d0	0xfde	approveAndCall(address,uint256,bytes)	receiveApproval(address,uint256,address,bytes)
89f331dd2879d630244f96930d70d479	0x14e4	approveAndCall(address,uint256,bytes)	receiveApproval(address,uint256,address,bytes)
8a725b78f3a34b6a50e80711052ad81c	0x5d1	uniswapV2Call(address,uint256,uint256,bytes)	swapExactAmountIn(address,uint256,address,uint256,uint256)
8ba6f95cd267a0ebeb53687fe4998de0	0xfde	approveAndCall(address,uint256,bytes)	receiveApproval(address,uint256,address,bytes)
8c0c61fe0d217eaba8a6adfe951b0363	0x56c	0x73d930c0	approve(address,uint256)
8cbd5fb9c91b51f2f946b217741112cf	0xabb	approveAndCall(address,uint256,bytes)	receiveApproval(address,uint256,address,bytes)
8cd24b87f53daa4b02e399a159bb44ba	0xfde	approveAndCall(address,uint256,bytes)	receiveApproval(address,uint256,address,bytes)
8ce4535c78c77ab0ed9b755304c740bb	0xfde	approveAndCall(address,uint256,bytes)	receiveApproval(address,uint256,address,bytes)
8cf1c024a02df4b6180a668f1ccbd0ac	0x5346	withdrawAllToVault()	notifyFee(address,uint256)
8cfc6a31468de313135072b50f28dfe3	0xd70	approveAndCall(address,uint256,bytes)	receiveApproval(address,uint256,address,bytes)
8dacee1fc0a9019d8ecdb48d8c2dce7e	0xfde	approveAndCall(address,uint256,bytes)	receiveApproval(address,uint256,address,bytes)
8dc29136730d07a06571e356c871c1d2	0xd0b	approveAndCall(address,uint256,bytes)	receiveApproval(address,uint256,address,bytes)
8df2548c61e43ba37c9e813150395f35	0xfde	approveAndCall(address,uint256,bytes)	receiveApproval(address,uint256,address,bytes)
8e69f97b46b09375f7fa73739670c879	0x32d	0xd4dc396	swapExactETHForTokens(uint256,address[],address,uint256)
8e76db157cdd27ade9db858fd2f1aab8	0x1331	approveAndCall(address,uint256,bytes)	receiveApproval(address,uint256,address,bytes)
8ea1fdd06742413cdb709e446f6bc16e	0xfde	approveAndCall(address,uint256,bytes)	receiveApproval(address,uint256,address,bytes)
8ea773affaafc2df5583a52fe3137ae8	0x393	doSwap(uint256,uint256,address,address,address[])	swapExactTokensForTokens(uint256,uint256,address[],address,uint256)
8f002a3f6220f8dc7077c7a09f1b38ca	0x2bc1	0x8ee1a74e	transfer(address,uint256)
8f261010395ef977360056bca677a61f	0xd45	approveAndCall(address,uint256,bytes)	receiveApproval(address,uint256,address,bytes)
8f466891dfce865a37284d2163f9eddd	0x126a	approveAndCall(address,uint256,bytes)	receiveApproval(address,uint256,address,bytes)
8fac8d6be3d0e08ea2663da9736a4906	0xbe5	getApproved(uint256)	getApproved(uint256)
9040223987b591a29e2fc7ed07033371	0x848	approveAndCall(address,uint256,bytes)	receiveApproval(address,uint256,address,bytes)
90512e9b362ec47127ec7187260311b1	0xa9	recoverERC20(address,uint256)	transfer(address,uint256)
905c851a31a40648084d2dd6615f389b	0xd70	approveAndCall(address,uint256,bytes)	receiveApproval(address,uint256,address,bytes)
90e076d957c9057663801fd9c7878d83	0x442	0x880cfc2f	transferFrom(address,address,uint256)
91e847e89c13f13e5302329d6470f91e	0x1f1a	approveAndCall(address,uint256,bytes)	receiveApproval(address,uint256,address,bytes)
925cbfe17a400f951bc37539f8a606a8	0xac0	nestNodeVote(address,uint256)	transferFrom(address,address,uint256)
926ac35fd0341a33ceae3eb301002476	0xd8a	approveAndCall(address,uint256,bytes)	receiveApproval(address,uint256,address,bytes)
92a392fe13c0ef422666ebe9c3936253	0x4bc	uniswapV2Call(address,uint256,uint256,bytes)	transfer(address,uint256)
92a3a745dd562c6e94f5ebe9f81b71a7	0x10a1	approveAndCall(address,uint256,bytes)	receiveApproval(address,uint256,address,bytes)
92cba552c1af71ebfb4d94f725105db5	0xf7c	approveAndCall(address,uint256,bytes)	receiveApproval(address,uint256,address,bytes)
93c824133832c4e252739d47f1c5c94c	0xfa4	STAKE(uint256)	transferFrom(address,address,uint256)
93e929d4b734fa772e9b6e1bae6a2921	0xd45	approveAndCall(address,uint256,bytes)	receiveApproval(address,uint256,address,bytes)
940c86b440ac1e41c641f75333c9fcfa	0x43a	sellQuote(address,address)	transfer(address,uint256)
9425336e23298ec19ef4b3eac5ded6a6	0x344	getPrice(address)	getUnderlyingPrice(address)
942813ce630cd6a132057bc08a726122	0x2d6e	voteAppUpgrade(uint32,bool)	voteAppUpgrade(address,address,bool,uint256)
946844982fa864574b7db46e024309ca	0x18bc	0xcca7f475	notifyFee(address,uint256)
94af5ae512b14f8c0f2251e08b8dc6e8	0x630	0xc3c50f33	transfer(address,uint256)
94c5b5f4e83d1a85c3af7f0d2c941fe2	0xfa4	STAKE(uint256)	transferFrom(address,address,uint256)
94cb82b78c84f3ac493901509f03f49c	0xfde	approveAndCall(address,uint256,bytes)	receiveApproval(address,uint256,address,bytes)
94ddebf7e8c0fa053e218f5f9db9af02	0xfde	approveAndCall(address,uint256,bytes)	receiveApproval(address,uint256,address,bytes)
954357ad6ec727f7c712e837b4bba3b7	0x130	0x12f02752	transferFrom(address,address,uint256)
95e0eeb3cf24ed7bc52765fde952dc3a	0xfde	approveAndCall(address,uint256,bytes)	receiveApproval(address,uint256,address,bytes)
9636b227705d026e7c0946ddc7d0ad3f	0x19b9	transferFromAndCall(address,address,uint256,bytes)	onTransferReceived(address,address,uint256,bytes)
967f53ce809b9f0bf699a91f661fc494	0xd0b	approveAndCall(address,uint256,bytes)	receiveApproval(address,uint256,address,bytes)
971e5f382c79785e3837b21b9b6baee2	0x280b	0xf93cf4c3	safeTransferFrom(address,address,uint256)
97c1b9650ef4668d9f5adfcbe3e54a35	0x585	uniswapV2Call(address,uint256,uint256,bytes)	transfer(address,uint256)
97c42a678ccdf7e93647da232fa370ea	0x362	swap(address,address,uint256,uint256)	convertByPath(address[],uint256,uint256,address,address,uint256)
981bdceccd85cfeaca2ef17b51202ed7	0xf24	approveAndCall(address,uint256,bytes)	receiveApproval(address,uint256,address,bytes)
987dc7f49ef7768675621d1bd500bb9f	0x4ac	0xe9c691aa	removeLiquidityETH(address,uint256,uint256,uint256,address,uint256)
98d8f00c4e833a54faf82f917bbf8cb7	0x5ca	flashloan(address,uint256,bytes)	flashLoan(address,address,uint256,bytes)
98fd8a92715ad1168c95afbd6a6d258c	0x4ed	join(address,uint256)	slip(bytes32,address,int256)
990a6031186336ce0fac69453a82a719	0x1346	approveAndCall(address,uint256,bytes)	receiveApproval(address,uint256,address,bytes)
999a61b94f787979645bf16b773c8da4	0x83e	approveAndCall(address,uint256,bytes)	receiveApproval(address,uint256,address,bytes)
9a52ecca79ad3e190cf8822a0ca3706e	0x83e	0x98933bec	transfer(address,uint256)
9b1ee0021070709e63e270cdedf86857	0xfde	approveAndCall(address,uint256,bytes)	receiveApproval(address,uint256,address,bytes)
9b57ddb2b89b8268a04b818ee9ca9de9	0x1331	approveAndCall(address,uint256,bytes)	receiveApproval(address,uint256,address,bytes)
9b60c0b7f587e5f8314abdffca75faef	0x43c	lock(uint256,bytes8)	transferFrom(address,address,uint256)
9ba3ade1f43975b361259ac65922ba22	0x261a	delegatedTransfer(address,uint256,uint256,uint256,uint8,bytes32,bytes32)	fallback()
9c2570fbf5f13ed3fcbc39679fc6c41a	0x2ec	0x5671682	swapExactETHForTokens(uint256,address[],address,uint256)
9c791879fd16388bac191c54245ec00b	0x26a4	permitToken(address,address,address,uint256,uint256,uint8,bytes32,bytes32)	permit(address,address,uint256,uint256,uint8,bytes32,bytes32)
9c9f130d5a5e8026c6d4286e7a18dee3	0xf24	approveAndCall(address,uint256,bytes)	receiveApproval(address,uint256,address,bytes)
9cb889c4b42300604c6cdfa45712f707	0x9f	0x9f1d0f59	transferFrom(address,address,uint256)
9db7009b4ad2697fa8526c8f6d44302d	0x8a0	convert(uint256,uint256)	safeTransferFrom(address,address,uint256)
9ede6c0d48f7da5a048cc2bb401d673d	0x1c72	ZapInUniVault(address,address,uint256,address,uint256,address,bytes)	depositFor(uint256,address)
9f152b9e17a9cb911e0929613053c2ff	0xfde	approveAndCall(address,uint256,bytes)	receiveApproval(address,uint256,address,bytes)
9f581238bc912ea82e1ee52c09bfbed6	0x1324	approveAndCall(address,uint256,bytes)	receiveApproval(address,uint256,address,bytes)
9f959a819820810b685f45925bed091e	0x10fb	stakeWithPermit(uint256,uint256,uint8,bytes32,bytes32)	permit(address,address,uint256,uint256,uint8,bytes32,bytes32)
9fa457148251b619e9233e33dbd56697	0x691	doHardWork(address)	rewardMe(address,address)
9fe99316f31bc20a6b1ead9692d706f4	0xd6b	approve(address,uint256)	approveByLegacy(address,address,uint256)
9ff4500c1e78b684ead22fc9446d467e	0x153b	approveAndCall(address,uint256,bytes)	receiveApproval(address,uint256,address,bytes)
a0556bfd3bd2bd9f8a4c7c2de4f771fb	0xf0e	convert(address,uint256)	mint(address,uint256,uint256)
a0a452e703505debe2a1857bed2c0919	0x1055	burn(address,uint256)	burn(address,uint256)
a0af556a035072f5c58257476a17573d	0x1066	0x2682a593	createPair(address,address)
a24d83c535dd54474149d1636470e6e4	0xfde	approveAndCall(address,uint256,bytes)	receiveApproval(address,uint256,address,bytes)
a2d98d3bb75b9cad61067fc91a9a43e7	0x88e	approveAndCall(address,uint256,bytes)	receiveApproval(address,uint256,address,bytes)
a33078f98de1f732cce1d11cf3d80012	0x12d1	approveAndCall(address,uint256,bytes)	receiveApproval(address,uint256,address,bytes)
a336cb8c3dd4900bdc6f8c73d58d1155	0x143f	approveAndCall(address,uint256,bytes)	receiveApproval(address,uint256,address,bytes)
a47ddabe6fb161968c3358ecc4f25745	0x43a	swapExactTokensForETH(uint256,uint256,address[],address,uint256)	swapExactTokensForETH(uint256,uint256,address[],address,uint256)
a4c7e42a32a591274b9b162d9857e4d1	0x1562	0x16a80711	stake(bytes32)
a4e6aa1162653ba7570225743b9d8c90	0xceb	0x76e9d066	swap(uint256,uint256,address,bytes)
a4f61ed10344b880c2ea77fb3ba0496d	0xf24	approveAndCall(address,uint256,bytes)	receiveApproval(address,uint256,address,bytes)
a5d4a8557c92ffc2f07fd35b27415d68	0x3f1	0x68fcc499	approve(address,uint256)
a60c8ce77b9f804f77db236020866ad8	0xf4b	fund(address)	approve(address,uint256)
a63800ac2c071e382abc450ec236404c	0x5c4	0x2277d0e3	createPair(address,address)
a647ee58ddf71f19ca924ccb1c556e4a	0xf24	approveAndCall(address,uint256,bytes)	receiveApproval(address,uint256,address,bytes)
a6bcb44667ff64170fb1ebcba961a42e	0x373	buy(address,address,uint256,uint256,address,bytes)	ethToTokenSwapOutput(uint256,uint256)
a6c7a78cded2b3daf6c4b7d0c205d4e2	0x15de	showAvailableCoupons(uint256,uint256)	allowanceCoupons(address,address)
a6cfdfb4696b6c0a2218f41372e23981	0x2928	0x1b59171	createDigitalMedia(address,uint32,uint32,uint256,string)
a6efb598e5fa1b9fd29cc5b727d06ff5	0xa5c	yearn(address,address,uint256)	withdraw(address)
a7cfa52f87b6eb0c3f91e6037e861da1	0x1346	approveAndCall(address,uint256,bytes)	receiveApproval(address,uint256,address,bytes)
a91dae154de7cc7e8c62bba7d6563c28	0xa6b	0xd112a044	swapExactTokensForTokens(uint256,uint256,address[],address,uint256)
a923af6c445984d48c5c6b22d7b46ece	0x349	liquid(uint256)	withdraw(uint256)
a944d78924181186d21ef96121b3233d	0xdb7	0xdf2b2737	swapExactAmountIn(address,uint256,address,uint256,uint256)
a97fb2e3eb61db37c6c250490119db1d	0xfde	approveAndCall(address,uint256,bytes)	receiveApproval(address,uint256,address,bytes)
a9b935af3397dd9b69c49b6690d4aed4	0xfde	approveAndCall(address,uint256,bytes)	receiveApproval(address,uint256,address,bytes)
a9bba736825ebd2ddc0d812dda1b55bf	0xd6b	approve(address,uint256)	approveByLegacy(address,address,uint256)
a9c7a86ca306b8506d58d159d12883c3	0x1fa	0x13bd5010	seize(address,address,uint256)
a9ea05a30cc862027c179dbb06ee9e72	0x193f	deposit(uint256,uint256)	transfer(address,uint256)
aa01df7aeb3b5ad7a5ca98499a7c5530	0x1957	removeLiquidityWithPermit(address,address,uint256,uint256,uint256,address,uint256,bool,uint8,bytes32,bytes32)	permit(address,address,uint256,uint256,uint8,bytes32,bytes32)
aa84cb42ec4e2275ad69c8ac07d47ffc	0xa9e0x81a	fallback()	transfer(address,uint256)
ab74aa17a3208f7fa1d8baf5a5e103fd	0x10b5	approveAndCall(address,uint256,bytes)	receiveApproval(address,uint256,address,bytes)
abb6fcc521f0cca8549993c5f857b882	0xfde	approveAndCall(address,uint256,bytes)	receiveApproval(address,uint256,address,bytes)
acab78084c1b4a944aaa4a1f13825dc5	0xfde	approveAndCall(address,uint256,bytes)	receiveApproval(address,uint256,address,bytes)
acc0837cebc35b9041104100995b13ff	0x1b73	0x946bc433	transferOptions(address,address,uint256,bool)
ad162b40527377e2e700653204ac6d6c	0x947	0x8da44cd5	setRewardDistribution(address)
ad9762c76a57a70f49c43b88e80b0a6e	0xd0b	approveAndCall(address,uint256,bytes)	receiveApproval(address,uint256,address,bytes)
adb8e766accc41e958e68b8ff10429e1	0x1ea0xf0	buyTokens(address)	transfer(address,uint256)
adc93d6386a8da6bc9233d8692617fca	0xace	importAave(address,address[],bool)	transferFrom(address,address,uint256)
add08d05cc26bad48104b3339da1a553	0x91f	0x4d559317	allowance(address,address)
adef921863f170b4dcf5e6652cd4e934	0xde2	0x899f04f6	getPair(address,address)
ae804c97c059eb50edda5c1de49b4322	0x4170x90d	transferIn(address,uint256)	transferFrom(address,address,uint256)
aed9bb1e89b0a8e7c73f9428809ab72d	0xfde	approveAndCall(address,uint256,bytes)	receiveApproval(address,uint256,address,bytes)
af7481a4cc64044157d49df622223e41	0x494	0x20f0ef5b	getToken(uint256)
b04ebde059ceb22ebdc4d7f92474e6b1	0x15e9	approveAndCall(address,uint256,bytes)	receiveApproval(address,uint256,address,bytes)
b06d7259fa00c556447e85e11e665892	0xb5e	0x6ce15ba8	transferFrom(address,address,uint256)
b08b60e46b9ae6dfd51a4b155ccbb12e	0xd88	0x8b418713	swap(address,address,uint256,bool)
b1020df9c2ad0a98ba17cb621676d50d	0x144c	approveAndCall(address,uint256,bytes)	receiveApproval(address,uint256,address,bytes)
b1101a11505c0db2ba06491bb642fcce	0x24c	0x9b0a8b6b	transfer(address,uint256)
b1aa512988f9a58f7da961e3b86e9357	0x4bf	0xb3ccaf3c	transferOwnership(address)
b271c91d8fad4d07d0597e461f79197f	0xa9e0x81a	fallback()	transfer(address,uint256)
b276f019ad0564cd06a84cc83045008c	0xed7	approveAndCall(address,uint256,bytes)	receiveApproval(address,uint256,address,bytes)
b30f094d3df732dc844aae1aac768540	0x74b	addContractBalance(uint256)	transferFrom(address,address,uint256)
b54255c71871a3ca0643ba97db3a28ed	0x756	approveAndCall(address,uint256,bytes)	receiveApproval(address,uint256,address,bytes)
b559d85345d297320822ac21f9c8a10f	0x1b95	RemoveLiquidity(address,address,uint256,uint256)	exitswapPoolAmountIn(address,uint256,uint256)
b5830660dbefe986db734d7d6720da90	0x12b2	approveAndCall(address,uint256,bytes)	receiveApproval(address,uint256,address,bytes)
b58697a81703a239515f669586086886	0x2de7	transfer(address,uint256)	tokensToSend(address,address,address,uint256,bytes,bytes)
b60b40401a601ed3de9b64dcadd7df8d	0xf24	approveAndCall(address,uint256,bytes)	receiveApproval(address,uint256,address,bytes)
b6622d0b9620577cd93f20bc7e4a94b3	0xdc5	approveAndCall(address,uint256,bytes)	receiveApproval(address,uint256,address,bytes)
b66e865ac9a07096f54ad6ac66ebec6b	0x1500	0x16a80711	stake(bytes32)
b67270f57570169b68865cd8cc942d3f	0xfde	approveAndCall(address,uint256,bytes)	receiveApproval(address,uint256,address,bytes)
b6b94eec705558d831459c94c16b95b3	0xf24	approveAndCall(address,uint256,bytes)	receiveApproval(address,uint256,address,bytes)
b7d051a67bda7ff7a8add0a0520d18af	0x1a7	0x2ba76970	swap(address,address,uint256,uint256,address)
b86ea96cf32bb3e581aa83f6acefe51e	0x1bf80x1d31	0x3ffc203a	setAddress(bytes32,address)
b87a49a8ccb1043719dd58787e1e0e21	0x167c	approveAndCall(address,uint256,bytes)	receiveApproval(address,uint256,address,bytes)
b9b975450e8d978924673c25cf1901e7	0xdc5	approveAndCall(address,uint256,bytes)	receiveApproval(address,uint256,address,bytes)
ba625ef151b5fb154809cb832cd44040	0xaf	0xde05b865	transfer(address,uint256)
ba8c2def3aabb498f106e323e6f29a14	0xd0b	approveAndCall(address,uint256,bytes)	receiveApproval(address,uint256,address,bytes)
bb44be9a14ec99524fffda832f371d65	0x20f9	wrap(address,address[],uint256)	transferFrom(address,address,uint256)
bbb2b010334f60c70379a1dec092e164	0x125f	approveAndCall(address,uint256,bytes)	receiveApproval(address,uint256,address,bytes)
bbfee5f1f8fa2aed4883a3c86119e5fc	0x160e	approveAndCall(address,uint256,bytes)	receiveApproval(address,uint256,address,bytes)
bc095250ed021b49b6f8505e8d7d33f5	0x26d2	0x3fa9c18d	setUint(bytes32,uint256)
bc250b6afc73a8adbbfa889cec393e5f	0x3b1	0xcb9f9135	swapExactETHForTokens(uint256,address[],address,uint256)
bc4bbb0a3995d1deba2167b6f991e237	0x2f8	startParty(address[],address[],address,uint256,uint256,uint256,uint256,uint256,uint256,uint256)	init(address[],address[],address,uint256,uint256,uint256,uint256,uint256,uint256,uint256)
bc5812e2c092af9f8e3992a966571c55	0xf7a	approveAndCall(address,uint256,bytes)	receiveApproval(address,uint256,address,bytes)
bc60be64e07399e401dbf2ff30308ee1	0x104e	approveAndCall(address,uint256,bytes)	receiveApproval(address,uint256,address,bytes)
bcc9b1c05df8767e38f709b31f8b082b	0x2191	approveAndCall(address,uint256,bytes)	receiveApproval(address,uint256,address,bytes)
bd215aaa67a6f38ff9326e1e270b2d40	0xfde	approveAndCall(address,uint256,bytes)	receiveApproval(address,uint256,address,bytes)
bd5a3f8a4509bcb0193b6d766e557488	0x125f	approveAndCall(address,uint256,bytes)	receiveApproval(address,uint256,address,bytes)
bde0711dfca21f1d4893619849ab7595	0x541	uniswapV2Call(address,uint256,uint256,bytes)	swap(uint256,uint256,address,bytes)
be21b0a0f6855cb6e154ce9ede70d0b0	0x1587	modifyTwoParameters(address,address,bytes32,bytes32,uint256,uint256)	modifyParameters(bytes32,uint256)
be5644f03238f3f12b9ebf07e3227759	0x1562	0x16a80711	stake(bytes32)
be6a2f5c6cb3446f1109ac46c04b31f1	0x848	approveAndCall(address,uint256,bytes)	receiveApproval(address,uint256,address,bytes)
be75b2c3b3e14e7f4f5884ed29a4a636	0x19bc	approveAndCall(address,uint256,bytes)	receiveApproval(address,uint256,address,bytes)
bee2f42f5c56c8474b518ddcf6c1d6b2	0xf23	STAKE(uint256)	transferFrom(address,address,uint256)
bf6952fad2ec611e866006d079bcbafb	0x1383	depositeFod(uint256,uint256)	transferFrom(address,address,uint256)
bf6ccd814b68c00784b3c348a60dc8d4	0xde7	taxSingleAndModifyParameters(address,address,address,bytes32,bytes32,uint256)	scheduleTransaction(address,bytes32,bytes,uint256)
bf78979c45c146857e87a314dbf83cdb	0x8a7	approveAndCall(address,uint256,bytes)	receiveApproval(address,uint256,address,bytes)
bff7b5ef4b8a4f86a3cacb5d7f9f4a98	0x8c8	0x57d63792	addItem(bytes32,address)
c03cfefe119a7e69684e25ed6945e704	0x2cb0x151	0x5fe8c387	transfer(address,uint256)
c04c2a2ac9039f1e9e8d4183f4ff95f4	0xf24	approveAndCall(address,uint256,bytes)	receiveApproval(address,uint256,address,bytes)
c0eeb078f2f71a4a0adcff926908a959	0x189	uniswapV2Call(address,uint256,uint256,bytes)	mint(uint256)
c14dd23566021cdc5aa4e18a6a4cf814	0xed7	approveAndCall(address,uint256,bytes)	receiveApproval(address,uint256,address,bytes)
c210f46ffd222a9492b6a3488aec56e6	0x1a44	transferFromAndCall(address,address,uint256)	onTransferReceived(address,address,uint256,bytes)
c2b65f77c4796ef0ec8e992e4d63052a	0x1356	0x5b17d04b	setBool(bytes32,bool)
c2d62cb86af03581bee1059a3aa4823b	0x1ae6	register(address,uint256)	transferFrom(address,address,uint256)
c316a7a20b61645b6de98858018e26ea	0x15e8	0x1176aa2e	swapExactTokensForTokensSupportingFeeOnTransferTokens(uint256,uint256,address[],address,uint256)
c3ed50a20718e61fdacfae8c0bf082e2	0xfa4	STAKE(uint256)	transferFrom(address,address,uint256)
c437ad515fc3510e0cced5ef39bbc9f5	0x60a	0x83fad99b	swapTokensForExactTokens(uint256,uint256,address[],address,uint256)
c477a754c45ac4b1eb8decde41a09335	0x88e	approveAndCall(address,uint256,bytes)	receiveApproval(address,uint256,address,bytes)
c4e96b3e9f1ca2eeb56f46a3cc817ed0	0xd70	approveAndCall(address,uint256,bytes)	receiveApproval(address,uint256,address,bytes)
c4f51dde22c40f102c63376e944300db	0xf24	approveAndCall(address,uint256,bytes)	receiveApproval(address,uint256,address,bytes)
c4f558938fe5d2551dec0836be817b75	0xfa4	STAKE(uint256)	transferFrom(address,address,uint256)
c5676f616c7e3bdedcdad886f3dba301	0xcc6	transfer(address,uint256)	alertTransfer(address,address,uint256)
c5865376b8511486d41f72809b0b3d8a	0x4d8	0x36b54aa0	swapExactETHForTokens(uint256,address[],address,uint256)
c5da121a3a0acf6773dc363ae2e35f34	0x1a3f	0x8d43428a	createPair(address,address)
c5fda48c868980628fbd69ae6680a907	0x78c	approveAndCall(address,uint256,bytes)	receiveApproval(address,uint256,address,bytes)
c649b28451d97cd6ad46c0a07e217153	0x206	deposit(uint256)	transferFrom(address,address,uint256)
c69ecc8e568bfe617afe135bb230bb53	0x1ea0xf0	buyTokens(address)	transfer(address,uint256)
c6e4a811370920626ad179477a2289d9	0xdc5	approveAndCall(address,uint256,bytes)	receiveApproval(address,uint256,address,bytes)
c721ea384922ee42765e9b179cf0782e	0x7b4	Swapout(uint256,address)	transferFrom(address,address,uint256)
c79ce01658766b9d074ffcf5b0510844	0x937	takeOutNest(address)	transfer(address,uint256)
c8513fb8f1af68c83578bac57c0cf218	0x7eb	ethToToken(uint256,address,uint256,uint256)	swapExactETHForTokens(uint256,address[],address,uint256)
c85c00f4fa4c46db327557d11ec8298e	0x47f	0xb5bf2cc7	init(address,string,string,uint256)
c8e1acc371eb20ac03097c277a735ea9	0x10fb	stakeWithPermit(uint256,uint256,uint8,bytes32,bytes32)	permit(address,address,uint256,uint256,uint8,bytes32,bytes32)
c973992bcef1e7b1a8ae9c6b60ce82b9	0x465	claim()	transfer(address,uint256)
c9af1660a4a9857748acad31a419066f	0xfde	approveAndCall(address,uint256,bytes)	receiveApproval(address,uint256,address,bytes)
c9dbc487b98b16b821af54d3026c24a0	0xfde	approveAndCall(address,uint256,bytes)	receiveApproval(address,uint256,address,bytes)
c9fbf536fdbda443bddb33d15aa85e7a	0x1346	approveAndCall(address,uint256,bytes)	receiveApproval(address,uint256,address,bytes)
ca0935fe089169485374b959a8f5fab8	0x2159	approveAndCall(address,uint256,bytes)	receiveApproval(address,uint256,address,bytes)
ca0d29570326056a30887ef338d08184	0xfde	approveAndCall(address,uint256,bytes)	receiveApproval(address,uint256,address,bytes)
ca1c7dd236c18a8ed0732e3083694130	0x1346	approveAndCall(address,uint256,bytes)	receiveApproval(address,uint256,address,bytes)
ca7861a6847626232d94c271a4f5a6bd	0x4d6	0x68bb7c69	execTransaction(address,uint256,bytes,uint8,uint256,uint256,uint256,address,address,bytes)
ca799f210e3fc76e69272456a6cbbd8e	0xdc5	approveAndCall(address,uint256,bytes)	receiveApproval(address,uint256,address,bytes)
cabd817eb1a6ac9e5d13c80d6669bf8b	0x210	disperseTokenSimple(address,address[],uint256[])	transferFrom(address,address,uint256)
cb57b27af837280519e8a2f1616e5213	0x848	approveAndCall(address,uint256,bytes)	receiveApproval(address,uint256,address,bytes)
cb67d13e42e33553d0cdaaedba0d4458	0x300	0xd625c680	approve(address,uint256)
cbef30b7865f4d14e7e32aa160c0554a	0xee1	stakeWithPermit(uint256,uint256,uint8,bytes32,bytes32)	permit(address,address,uint256,uint256,uint8,bytes32,bytes32)
cc06ebd528edda3494ea1a351e802043	0xa9e0x81a	fallback()	transfer(address,uint256)
cc656dd6a6d3beae2e75ff7fc8f3993b	0x136b	approveAndCall(address,uint256,bytes)	receiveApproval(address,uint256,address,bytes)
ccef0e701c48bc7bfc7fc5e7e7f01c34	0xfde	approveAndCall(address,uint256,bytes)	receiveApproval(address,uint256,address,bytes)
cd12480bd9f572e7ed2ddfd683ca7719	0x962	addContractBalance(uint256)	transferFrom(address,address,uint256)
cd1b97529aa97c8061b2572cf7c10a80	0x1f9f	transferFromAndCall(address,address,uint256,bytes)	onTransferReceived(address,address,uint256,bytes)
cd30005dbafc1d23616723366876643c	0xd70	approveAndCall(address,uint256,bytes)	receiveApproval(address,uint256,address,bytes)
cdfbdd9493ba05444928ba9ccc25dc03	0xf24	approveAndCall(address,uint256,bytes)	receiveApproval(address,uint256,address,bytes)
cea56f147a9ab109772fb73075bf3560	0x5168	depositToken(address,uint256,string,string)	transferFrom(address,address,uint256)
ced9c6390531de06b92ddf9c5f741dcf	0x1331	approveAndCall(address,uint256,bytes)	receiveApproval(address,uint256,address,bytes)
cf7801646bd567ed9aaea40e0a1b2d73	0x67a	0x9dc85eec	claimWeek(address,uint256,uint256,bytes32[])
cfc6be03ee2f71138b82524813bfb513	0x412	prepareCoinsForRedeeming(address,address,uint256)	approveSAFEModification(address)
d06f1f98e483d3334ba56587e1c62b8f	0xf24	approveAndCall(address,uint256,bytes)	receiveApproval(address,uint256,address,bytes)
d09128fc5c411bb3086c694e0f5fcc07	0x22a	0x4261902a	approve(address,uint256)
d1196641cecf2802b2a828d3b278317e	0x1331	approveAndCall(address,uint256,bytes)	receiveApproval(address,uint256,address,bytes)
d1709cf41f7b1fd9740700f47f37eb8a	0xf24	approveAndCall(address,uint256,bytes)	receiveApproval(address,uint256,address,bytes)
d1ce5e0632c0707ec45e7bd59c0012ca	0x2960x3b	0xa5bf381	permit(address,address,uint256,uint256,uint8,bytes32,bytes32)
d2458cb24e12219fad48ee013ca3a20a	0xfde	approveAndCall(address,uint256,bytes)	receiveApproval(address,uint256,address,bytes)
d2a694634dea76b52252d832a749c649	0x3317	approveAndCall(address,uint256,bytes)	receiveApproval(address,uint256,address,bytes)
d2abcbb24b2e9a06f68c4c4e1042a187	0x18220x1554	0xbc445eec	transferFrom(address,address,uint256)
d2e6998fcde8f37bc2fea066d66a59a8	0x2268	approveAndCall(address,uint256,bytes)	receiveApproval(address,uint256,address,bytes)
d359c9b18a2b080717d93970ae0d2bfb	0xa9	recoverERC20(address,uint256)	transfer(address,uint256)
d398e9dfc51c2193a0a4d009d323b9fe	0xf24	approveAndCall(address,uint256,bytes)	receiveApproval(address,uint256,address,bytes)
d39b2597cee65f9ebebd796b0286aaaa	0x192f0x17df	canPerform(address,bytes32,uint256[])	hasPermission(address,address,bytes32,bytes)
d3bad1c6f23709fc54f91ef8c02fdf7e	0xcfe	0xa414190	setUint(bytes32,uint256)
d3ff86ccf7f4e0bddd0b0e242770b97d	0xb36	balanceOf(address)	balanceOf(address)
d5b6193cf62e0148a554d7a089a0c4d9	0x2351	approveAndCall(address,uint256,bytes)	receiveApproval(address,uint256,address,bytes)
d636616ea824a11a3fc56afcc9ac810f	0xf24	approveAndCall(address,uint256,bytes)	receiveApproval(address,uint256,address,bytes)
d6459caedc254c3d4eca260376be0d1d	0xfde	approveAndCall(address,uint256,bytes)	receiveApproval(address,uint256,address,bytes)
d6b02bff55a0f4ceb02d5cb625ab9b52	0x2f8	startParty(address[],address[],address,uint256,uint256,uint256,uint256,uint256,uint256,uint256)	init(address[],address[],address,uint256,uint256,uint256,uint256,uint256,uint256,uint256)
d6f16fa76c9da08fdf2d602306b93e00	0x431	0x704bb554	swapExactETHForTokens(uint256,address[],address,uint256)
d72e6006ad28e1ccf5cc96e1a5d2d877	0xc1c	transfer(address,uint256)	calculateAmountsAfterFee(address,address,uint256)
d7349e40df6381b399baad26d50d4ea9	0x446d	transfer(address,uint256)	calculateAmountsAfterFee(address,address,uint256)
d743c3e944fc376b13307022e946b399	0xfde	approveAndCall(address,uint256,bytes)	receiveApproval(address,uint256,address,bytes)
d87ae0a637e8e13ad1eeb4334cf8f5b2	0x2f8	startParty(address[],address[],address,uint256,uint256,uint256,uint256,uint256,uint256,uint256)	init(address[],address[],address,uint256,uint256,uint256,uint256,uint256,uint256,uint256)
d8c5a7ddadee4c1231ec2d8bf06eed43	0xfde	approveAndCall(address,uint256,bytes)	receiveApproval(address,uint256,address,bytes)
d8d1204cdf1561303f18858757a9db02	0x1b000x400	0xb8dff2b6	doSwap(uint256,uint256,address,address,address[])
d8ee7323ed0023987ad20a8db2d7b366	0x1b5f	0x420883	scheduleTransaction(address,bytes32,bytes,uint256)
d9024a7818edc58d5f5c480ecabf8a59	0xd25	approveAndCall(address,uint256,bytes)	receiveApproval(address,uint256,address,bytes)
d9b9c579c1bbbaf1636fe910e9e53bd4	0xe45	0x69bd26cd	createPair(address,address)
da138ed7c65a408d209e842542e03be8	0xd07	0x16a80711	stake(bytes32)
da4e91036b438d9148c44a41cd3fd5f7	0xd70	approveAndCall(address,uint256,bytes)	receiveApproval(address,uint256,address,bytes)
dafa8092c5028d717be8ba30a6a59eeb	0xb80	createDODOVendingMachine(address,address,uint256,uint256,uint256,bool)	init(address,address,address,uint256,address,uint256,uint256,bool)
db23da5c9e6f3356e1f1f9b61fe980d1	0x2ff	0x83fad99b	swapTokensForExactTokens(uint256,uint256,address[],address,uint256)
db272f42bdec78be99a68bdedd6a0850	0x629	redeem(address,uint256,uint256)	transferCoupons(address,address,uint256,uint256)
db83e879dd524d0e632bad2a5d62f092	0xfde	approveAndCall(address,uint256,bytes)	receiveApproval(address,uint256,address,bytes)
dc00efb6886d43e69be2bcda46c233f3	0x5ab	0xb271fad	transferFrom(address,address,uint256)
dd204500cdcf9927fc44bfe56c28eb49	0x116a	approveAndCall(address,uint256,bytes)	receiveApproval(address,uint256,address,bytes)
dd597456c1902a151f71143c6b1f189e	0xa82	0x491c0389	rewardMe(address,address)
dd5cf9873daae2958583e56db75750db	0x2d8	withdraw(address,address,uint256)	transfer(address,uint256)
dde94a58f86ae7fab0f4371ff2896b33	0x1346	approveAndCall(address,uint256,bytes)	receiveApproval(address,uint256,address,bytes)
ddea2855a65c72077f6b9f53110b7d22	0xf99	balanceOf(address)	balanceOf(address)
df76d2d9870d3c0dc7fc201fbbfc9349	0x232e	transferAnyERC20Token(address,address,uint256)	transfer(address,uint256)
dfb63f6bd9da4efe6e4bb2a6d0c2192b	0x9b6	approveAndCall(address,uint256,bytes)	receiveApproval(address,uint256,address,bytes)
e019c5c2663271537c4583e953680c8e	0x14e0	approveAndCall(address,uint256,bytes)	receiveApproval(address,uint256,address,bytes)
e037bc8cd6fde59a05ef1997cb06ef67	0x14ff	approveAndCall(address,uint256,bytes)	receiveApproval(address,uint256,address,bytes)
e07aff85117dc4e6261f01f83c7e17a3	0xfde	approveAndCall(address,uint256,bytes)	receiveApproval(address,uint256,address,bytes)
e1058b0845b2345e1a3a8de6502a6bf7	0x12b2	approveAndCall(address,uint256,bytes)	receiveApproval(address,uint256,address,bytes)
e1060ce6ca3773bbfd5764c57acb87d8	0xbf6	0x899f04f6	getPair(address,address)
e1488f845b9af8862939c083834fbebb	0x953	0x5668b02e	permit(address,address,uint256,uint256,uint8,bytes32,bytes32)
e267e7ed2e8fdf73b76aae6276533ce7	0x1429	unlock(address)	transfer(address,uint256)
e27608247dc21e65df7fc687573f7b35	0x2b28	approveAndCall(address,uint256,bytes)	receiveApproval(address,uint256,address,bytes)
e28b1d9ba39eb03722352312779f6e94	0xfde	approveAndCall(address,uint256,bytes)	receiveApproval(address,uint256,address,bytes)
e33d21958ac7dda14943d4562e3616d0	0xfde	approveAndCall(address,uint256,bytes)	receiveApproval(address,uint256,address,bytes)
e3645050385cdc77aab933f2286b68d3	0x4d8	0x20f0ef5b	getToken(uint256)
e389c0bb970cc25d95955e89a673e93d	0xf24	approveAndCall(address,uint256,bytes)	receiveApproval(address,uint256,address,bytes)
e3fcde5b656ac3876ce44b7ffc6e7ffb	0xfde	approveAndCall(address,uint256,bytes)	receiveApproval(address,uint256,address,bytes)
e40b0f9fef4ce73afe7c1dcc34df4f10	0x72b	addLiquidity(address,uint256,address,uint256)	createPool(address)
e4a06ffcd23ad7137890a76aab6e270f	0x265	0x34df1eb	flashLoan(address,address,uint256,bytes)
e4d50923efe96a504ea9d3856457c919	0x1903	approveAndCall(address,uint256,bytes)	receiveApproval(address,uint256,address,bytes)
e523381d675566131a81927afdc180f9	0x9c00x2da	0x894737ef	changeParent(address)
e53f17411670b7cc74168d569531af71	0x3d3	0x6e918b2c	swapExactETHForTokens(address,uint256,uint256,address,address,uint256)
e5e4bb8b3e8cec0b5a6a0a34d07ec60f	0x19bc	approveAndCall(address,uint256,bytes)	receiveApproval(address,uint256,address,bytes)
e5fe18e20b603b2cc378a47ecabd0494	0x190	unknown (fallback?)	mint(uint256)
e626101537a75c9de3ae0def4511ec64	0x353a0x7da	swapExactTokensForTokensSupportingFeeOnTransferTokens(uint256,uint256,address[],address,uint256)	transferFrom(address,address,uint256)
e6550b7df9d2efc72d4a7d6021606d21	0x2978	setBurnEnabled(bool)	setBool(bytes32,bool)
e6a9153b343904ca25e5881a1c66723c	0xed7	approveAndCall(address,uint256,bytes)	receiveApproval(address,uint256,address,bytes)
e6dda084e874c2ce7dcdd8e0be289c89	0x1082	0x83506c84	transferFrom(address,address,uint256)
e71fab290f08aff1e0f7ca4e0e1f8799	0x1346	approveAndCall(address,uint256,bytes)	receiveApproval(address,uint256,address,bytes)
e79d6f2dc74c73cd143a34e0cdbf4b13	0x1112	approveAndCall(address,uint256,bytes)	receiveApproval(address,uint256,address,bytes)
e7a2df0ebeef3fcad84160b0b404820d	0x2fa	0x83fad99b	swapTokensForExactTokens(uint256,uint256,address[],address,uint256)
e801c49cd0e7f45ec19db5775d0adaf7	0x68c	uniswapV2Call(address,uint256,uint256,bytes)	swapExactAmountIn(address,uint256,address,uint256,uint256)
e837d226d3b6c622386497cf46303044	0x176b0x3d3	0x6f2ce315	swapExactETHForTokens(uint256,address[],address,uint256)
e8810c6b9d2e3281d4ea43756ef2315d	0xf24	approveAndCall(address,uint256,bytes)	receiveApproval(address,uint256,address,bytes)
e8b6c0e65a0a20a51e25c7b1ee8b7e9f	0x12bb0x119a	uniswapV2Call(address,uint256,uint256,bytes)	transfer(address,uint256)
e8b7da3571506dab697802317f3a6cb6	0x13d	0x2cd0c587	swapExactAmountIn(address,uint256,address,uint256,uint256)
e97e28b20a7c38f00c0541ada8354145	0xb73	0x67811054	swapExactETHForTokens(uint256,address[],address,uint256)
e97eb149e70c174552d59b41d2023c3d	0x18f9	requestFailedMessageFix(bytes32)	messageCallStatus(bytes32)
e9d94c6eb302f2ddcffd682e7808a59b	0x13160x4c7	replaceManager(address,uint256)	fundLog(address,string,address)
ea4b4e93d0eba951767130e6d0774810	0x88e	removeLiquidityOneCoinDust(address,address,address,uint256,int128,uint256)	remove_liquidity_one_coin(uint256,int128,uint256,bool)
ea4b97a8a78d27b6b66506c3f6add4a9	0x940	0xc11cd833	permit(address,address,uint256,uint256,uint8,bytes32,bytes32)
ea7ba1926d89ccc251523a9c900c0df0	0xd12	earn(address,uint256)	transfer(address,uint256)
eaa6fd196fdcdfb77ee00a4bbad84c38	0x70f	0x3506ab62	transfer(address,uint256)
eab6210e77247622157683dfb31ed13e	0x67e	initialize(address,address,address,address,address)	approve(address,uint256)
eace76257050658efdd76a55b86837fc	0x88e	approveAndCall(address,uint256,bytes)	receiveApproval(address,uint256,address,bytes)
eaf90beb990c425459ef2c491b806668	0xf87	alertTransfer(address,address,uint256)	withdraw(address,address,uint256)
eb0f218081e9b0c44280fef5cfe9ca0c	0x69f	redeem(uint256)	mint(address,uint256)
eb39fe4815215315e87442e018d2a2cc	0xe8e	0xfbb44184	approve(address,uint256)
eb684718cc989f45b512b926cb9f5424	0x472	airdropTokens(address,address[],uint256[])	transferFrom(address,address,uint256)
ec0438866d4854d340c9ae72be859d05	0x494	0x20f0ef5b	getToken(uint256)
ec714f95c6c9a4f7c0e46fbde2291c76	0x4f7	sendToken(address,address,uint256)	transfer(address,uint256)
ec7b660f43ebf3ec9791f158287cfa64	0x17ee0x18bb	0xbc5cf624	swapExactETHForTokens(uint256,address[],address,uint256)
ed3392918a2822b75ed151ca807fcae1	0xbb40x255	claimFor(address)	transfer(address,uint256)
ed353a27d637f79590f9037c8502a201	0x89b	0x6dd2c9b8	swapExactTokensForTokens(uint256,uint256,address[],address,uint256)
ed7216cef950a6e5a32c4d3b42930e74	0x25c	unknown (fallback?)	harvest(address)
eda3cbb87d52036514ddaec1a032aead	0xaca	approveAndCall(address,uint256,bytes)	receiveApproval(address,uint256,address,bytes)
edc353266074ada906aa10de25fcbdec	0x13410x2e6	0x4614169d	swapExactTokensForTokens(uint256,uint256,address[],address,uint256)
ef26720dfaa191acad314fdaae9b57d1	0x2c6	increaseBidSize(address,uint256,uint256)	transferFrom(address,address,uint256)
ef434a66ecbf4cc82d0d609f1f839e2d	0x63c	initialize(address,address)	approve(address,uint256)
ef5bac6c1a995323683aab6fdd4973e5	0x1346	approveAndCall(address,uint256,bytes)	receiveApproval(address,uint256,address,bytes)
f059164cee1b16f80dda7b72b50e9e0f	0xb5e	0x6ce15ba8	transferFrom(address,address,uint256)
f07ac36d0a6f0482c39ce0afc20cd75c	0x1346	approveAndCall(address,uint256,bytes)	receiveApproval(address,uint256,address,bytes)
f07c53c36c99f3847777dde5e7879fb8	0xa17	approve(address,uint256)	approveByLegacy(address,address,uint256)
f0e7bd92e193b54e7a300e4acc854fbb	0xc6e	approve(address,uint256)	approveByLegacy(address,address,uint256)
f10b33378798fd5f8168b5d01611599f	0x9330x1ef	deposit(address,uint256)	isAllowed(address)
f1425da370f83aad7139e6dec65570c8	0xfde	approveAndCall(address,uint256,bytes)	receiveApproval(address,uint256,address,bytes)
f1af91ec10b61aaef0b63fab473a4226	0xd70	approveAndCall(address,uint256,bytes)	receiveApproval(address,uint256,address,bytes)
f1fa76890b1ab61aad11d6801125712c	0xd65	approveAndCall(address,uint256,bytes)	receiveApproval(address,uint256,address,bytes)
f23a6bdf3d35df8c1add7d3b5af412ea	0xfde	approveAndCall(address,uint256,bytes)	receiveApproval(address,uint256,address,bytes)
f27a35612e519005b33905c5f9552081	0x577	stakeFor(address,address,uint256)	stakeFor(address,uint256)
f28258ca83bd0caa29a9b1df8f3287f6	0x691	doHardWork(address)	rewardMe(address,address)
f2b5e0026bb283cf798adb8d20690155	0xdc5	approveAndCall(address,uint256,bytes)	receiveApproval(address,uint256,address,bytes)
f3121ed6d803487b72385234faa9dc78	0x3b6	0x652519e0	transferFrom(address,address,uint256)
f3192e05f389e61a8d90408111dcf119	0x6c7	addLiquidityByTokenForPool(uint256,address,address,uint256,address,bool)	depositFor(address,uint256,uint256,uint256)
f3de97461d671a2da74b6ac301bc7038	0x4ff	decreaseSoldAmount(address,address,uint256,uint256)	bids(uint256)
f425a968d95716429941b0fe0b7c7b5e	0xdc5	approveAndCall(address,uint256,bytes)	receiveApproval(address,uint256,address,bytes)
f444f4feaf9df9ff871850c2a15f960d	0x147	returnToken(uint256,address)	transfer(address,uint256)
f48cb63001b41d9503a8d4e0ae5d823c	0x1fca	transfer(address,uint256)	queryFee(address,address,uint256)
f4be6a134fafe4bf312b6dcbce704ae3	0x1346	approveAndCall(address,uint256,bytes)	receiveApproval(address,uint256,address,bytes)
f4d9f008e1f7c9f03c50267172778287	0x9af	multisendToken(address,address[],uint256[])	transferFrom(address,address,uint256)
f5337d4c76e9c2147caa48921dc3c977	0xfd9	convert(address,uint256)	mint(address,uint256,uint256)
f5edff982e98f4ce8af5ce458ef924fe	0x9750x616	0xe977ee2b	swapExactTokensForETH(uint256,uint256,address[],address,uint256)
f61a4ddcc1e6735968b0ae89789c265d	0x11ea	redeem(address,uint256)	transfer(address,uint256)
f6a6b78a1f517d4ed04c8dae52d3c30d	0x15d7	showAvailableCoupons(uint256,uint256)	allowanceCoupons(address,address)
f77f7343e0d6ca63ac1bece746f558fc	0x384	join(address,uint256)	modifyCollateralBalance(bytes32,address,int256)
f78cf89fee0ae59c26aba3a395226830	0x88e	approveAndCall(address,uint256,bytes)	receiveApproval(address,uint256,address,bytes)
f7a772f38951a294c15635d17014a694	0xfde	approveAndCall(address,uint256,bytes)	receiveApproval(address,uint256,address,bytes)
f8042d7016ff28d8b063561b502cc179	0x1262	approveAndCall(address,uint256,bytes)	receiveApproval(address,uint256,address,bytes)
f83f440d5089938c9a8665cece88bc19	0xde2	0x899f04f6	getPair(address,address)
f985e3de1fdc82f3dd750ae724c8fc01	0x1303	0x2682a593	createPair(address,address)
f9dfb57aa8d914d68502609c8acf4aed	0x182e0x169e	0xaa1fb1f2	transferFrom(address,address,uint256)
fa26dc3d31a4d8f0c2d2cd9a7645040f	0xbf6	0x899f04f6	getPair(address,address)
fa97cce9bfcdd4962764fc96ade4658c	0x19bc	approveAndCall(address,uint256,bytes)	receiveApproval(address,uint256,address,bytes)
fa9f699f09a4e47040746dc702a085c5	0x196	0x9e7be361	transfer(address,uint256)
fb06fd0173e680b3a47e9294eb8cf8b6	0x5ba	startAuction(uint256,uint256,uint256,uint64)	getCozyAgain(uint256)
fb41965e7745a19b5e97fef14d08fcd5	0xaf70x831	fallback()	transfer(address,uint256)
fb755b838d3833ff199b923706bb153e	0xb69	withdrawTokens(address)	transfer(address,address,uint256)
fb79980686e0d80548f03a1e1872eb6e	0x2b8	approve(address,uint256)	approve(address,uint256)
fc25ee313fd6ebed6d908a2f25b5ffe4	0x51e2	depositToken(address,uint256,string,string)	transferFrom(address,address,uint256)
fc2d6f34f219c186bc35e1fbeb5e5de6	0xfa4	STAKE(uint256)	transferFrom(address,address,uint256)
fc7c4816bd4464071c1f157734dd1179	0xd70	approveAndCall(address,uint256,bytes)	receiveApproval(address,uint256,address,bytes)
fca48cf75143b4f0ae604ba04bb6c7d5	0x13e	fallback()	transfer(address,uint256)
fdae8231a1c55e69d7a1528fa5de05bc	0xd6b	approve(address,uint256)	approveByLegacy(address,address,uint256)
fdc5dee95092310a7f0f601702787e12	0x848	approveAndCall(address,uint256,bytes)	receiveApproval(address,uint256,address,bytes)
fe9eb06eec9b1415691b97c8b83ed56c	0x1346	approveAndCall(address,uint256,bytes)	receiveApproval(address,uint256,address,bytes)
ff3d7f4c73dee0d0b5daad9428f04c51	0x142a	approveAndCall(address,uint256,bytes)	receiveApproval(address,uint256,address,bytes)
ffb32b5ee3eac0ef094958851dce4ca2	0x19b9	transferFromAndCall(address,address,uint256,bytes)	onTransferReceived(address,address,uint256,bytes)
fffdae9e6bcb3d79c1328568303fde1c	0x55c	depositUSDTWithSeller(uint256,address)	transfer(address,uint256)
